歌手,歌曲数,总播放量,平均热度,上榜次数,榜单
현아&던 (HyunA&DAWN),1,0,,1,['巅峰榜·新歌']
10CM (십센치),1,0,,1,['巅峰榜·流行指数']
11k,1,0,,1,['巅峰榜·流行指数']
1577乐队/杨泰安/王兴猛,1,0,,1,"['巅峰榜·流行指数', '巅峰榜·新歌', '巅峰榜·内地']"
1K,1,0,,7,"['巅峰榜·热歌', '巅峰榜·流行指数']"
黑屋乐队,1,0,,1,['巅峰榜·内地']
黑兔Hate2,1,0,,1,['巅峰榜·内地']
黄龄/Tăng Duy Tân,1,0,,1,"['巅峰榜·流行指数', '巅峰榜·新歌']"
黄龄,2,0,,3,"['巅峰榜·流行指数', '巅峰榜·新歌']"
黄静美/张俊波,1,0,,1,"['巅峰榜·流行指数', '巅峰榜·新歌']"
黄静美,5,0,,4,"['巅峰榜·流行指数', '巅峰榜·新歌']"
黄霄雲/赖美云,1,0,,1,"['巅峰榜·流行指数', '巅峰榜·新歌']"
黄霄雲,5,0,,6,"['巅峰榜·热歌', '巅峰榜·流行指数', '巅峰榜·新歌', '巅峰榜·内地']"
黄诗扶,1,0,,1,['巅峰榜·内地']
黄誉博,3,0,,3,['巅峰榜·内地']
黄艺明,1,0,,1,['巅峰榜·流行指数']
黄秋萍,1,0,,1,"['巅峰榜·流行指数', '巅峰榜·新歌']"
黄礼格/队长,1,0,,1,['巅峰榜·流行指数']
黄玠玮,1,0,,1,['巅峰榜·内地']
黄泥,1,0,,1,['巅峰榜·内地']
黄毅宁Lil Aitch/JING JING/辛雯/Hailie黑梨,1,0,,1,['巅峰榜·内地']
AFA,1,0,,1,['巅峰榜·内地']
AEC,1,0,,1,"['巅峰榜·流行指数', '巅峰榜·新歌']"
AD没有钙,1,0,,1,['巅峰榜·新歌']
ADÀI宋黛霆,1,0,,1,['巅峰榜·内地']
A7i,1,0,,1,['巅峰榜·内地']
A2WT5保持警惕/Xelly小丽/皮特潘/王未来,1,0,,1,['巅峰榜·内地']
A2O MAY/A2O,1,0,,1,['巅峰榜·流行指数']
A1 TRIP/大籽/Lil E,1,0,,2,['巅峰榜·流行指数']
A1 TRIP/Nick.Y,1,0,,1,"['巅峰榜·流行指数', '巅峰榜·新歌']"
A-Lin,4,0,,6,"['巅峰榜·热歌', '巅峰榜·流行指数', '巅峰榜·新歌']"
9xuSoLOVE,1,0,,1,['巅峰榜·内地']
9m88,1,0,,1,['巅峰榜·内地']
9Juwel/陈路Kraken,1,0,,1,['巅峰榜·内地']
999harper,1,0,,1,['巅峰榜·新歌']
98superK/不深,1,0,,1,['巅峰榜·内地']
947.ASH/逵逵爱唱歌（KuiKui）,1,0,,1,['巅峰榜·内地']
Aioz/Liue,1,0,,1,['巅峰榜·内地']
Aioz,1,0,,1,['巅峰榜·内地']
Aimer (エメ),1,0,,1,['巅峰榜·新歌']
Ailee (에일리),1,0,,2,"['巅峰榜·热歌', '巅峰榜·流行指数']"
Agera,1,0,,1,['巅峰榜·内地']
Agassi阿加熙,1,0,,1,"['巅峰榜·新歌', '巅峰榜·内地']"
Aflou阿弗娄,2,0,,2,['巅峰榜·内地']
Afaer-Official/林亚Raenia,1,0,,1,['巅峰榜·内地']
Acey Rain,1,0,,1,['巅峰榜·内地']
Acacia,1,0,,1,['巅峰榜·新歌']
ATYANG,1,0,,1,['巅峰榜·内地']
ALOUIS,1,0,,1,['巅峰榜·内地']
ALLDAY PROJECT,2,0,,1,"['巅峰榜·流行指数', '巅峰榜·新歌']"
AK刘彰/sunkis 宋秉勤,1,0,,1,"['巅峰榜·流行指数', '巅峰榜·新歌']"
AKA JL9,1,0,,1,['巅峰榜·内地']
AGA,1,0,,2,"['巅峰榜·热歌', '巅峰榜·流行指数']"
Andystoy,1,0,,1,['巅峰榜·内地']
Ameriie/Hattie Menzie,1,0,,1,"['巅峰榜·流行指数', '巅峰榜·新歌']"
Ameliekiko,1,0,,1,['巅峰榜·内地']
Alexer Lyton,1,0,,1,"['巅峰榜·流行指数', '巅峰榜·新歌']"
Alexandra Stan/Manilla Maniacs,1,0,,1,['巅峰榜·流行指数']
Alex Warren/ROSÉ (로제),1,0,,1,['巅峰榜·流行指数']
Alex Darling,3,0,,3,['巅峰榜·内地']
Alesso/Stray Kids (스트레이 키즈)/CORSAK胡梦周,1,0,,1,['巅峰榜·新歌']
Alec Benjamin,1,0,,1,"['巅峰榜·流行指数', '巅峰榜·新歌']"
Alceo Lazzari,1,0,,1,['巅峰榜·新歌']
Alan Walker/宋雨琦 (YUQI) (우기)/i-dle (아이들)/JVKE,1,0,,1,['巅峰榜·新歌']
Alan Walker/K-391/Boy In Space,1,0,,1,['巅峰榜·新歌']
Alan Walker/Jamie Miller,1,0,,1,['巅峰榜·新歌']
Alan Walker/Imanbek,1,0,,1,['巅峰榜·新歌']
Alan Walker,1,0,,1,['巅峰榜·流行指数']
Aioz/刘思达,1,0,,1,['巅峰榜·内地']
BE'O (비오)/Beenzino (빈지노),1,0,,1,['巅峰榜·新歌']
BABYMONSTER (베이비몬스터),7,0,,3,"['巅峰榜·流行指数', '巅峰榜·新歌']"
B.G.Camp,1,0,,1,['巅峰榜·内地']
Ayo97/周思涵,1,0,,11,"['巅峰榜·热歌', '巅峰榜·流行指数']"
Ayan李子彦,1,0,,1,['巅峰榜·内地']
AxR,1,0,,1,['巅峰榜·流行指数']
Avril Lavigne,1,0,,1,['巅峰榜·新歌']
Ava Max,2,0,,2,"['巅峰榜·热歌', '巅峰榜·流行指数']"
Austin Mahone/Rich Homie Quan,1,0,,1,['巅峰榜·流行指数']
Au,1,0,,1,['巅峰榜·新歌']
Athletics,1,0,,1,['巅峰榜·流行指数']
Ashencodez,1,0,,1,['巅峰榜·内地']
Asa成泽,1,0,,1,['巅峰榜·新歌']
Armin Van Buuren/Blasterjaxx/24H,1,0,,1,"['巅峰榜·流行指数', '巅峰榜·新歌']"
Ariana Grande,2,0,,1,['巅峰榜·新歌']
Anthony谢晓冬,1,0,,1,['巅峰榜·内地']
BigYear大年,1,0,,1,"['巅峰榜·流行指数', '巅峰榜·新歌']"
Berlin Psycho Nurses,1,0,,1,['巅峰榜·内地']
Bella宋贝仪,2,0,,2,['巅峰榜·内地']
Bebo Lee,1,0,,1,['巅峰榜·内地']
Beatrich,1,0,,1,['巅峰榜·流行指数']
Balan,1,0,,1,['巅峰榜·内地']
BZ1,3,0,,3,"['巅峰榜·流行指数', '巅峰榜·新歌', '巅峰榜·内地']"
BY2,2,0,,8,"['巅峰榜·热歌', '巅峰榜·流行指数']"
BLAST/恒川/南思鸭,1,0,,1,"['巅峰榜·流行指数', '巅峰榜·新歌']"
BLACKPINK (블랙핑크),9,0,,3,"['巅峰榜·热歌', '巅峰榜·流行指数', '巅峰榜·新歌']"
BILLKIN/PP KRIT,1,0,,1,['巅峰榜·新歌']
BIGBANG (빅뱅),2,0,,6,"['巅峰榜·热歌', '巅峰榜·流行指数']"
BIBI (비비),1,0,,1,['巅峰榜·新歌']
BGM专区,1,0,,1,"['巅峰榜·流行指数', '巅峰榜·新歌']"
BEYOND,2,0,,15,"['巅峰榜·热歌', '巅峰榜·流行指数']"
BEAST (비스트),1,0,,1,['巅峰榜·流行指数']
CHOS1N,1,0,,1,['巅峰榜·内地']
CALIS吴烜晖,3,0,,3,['巅峰榜·内地']
C.JERRY,1,0,,1,['巅峰榜·内地']
Burak Yeter/Danelle Sandoval,1,0,,1,['巅峰榜·流行指数']
Bruno Mars/Anderson .Paak/Silk Sonic,1,0,,1,"['巅峰榜·流行指数', '巅峰榜·新歌']"
Britneylee小暖,1,0,,1,['巅峰榜·内地']
BrAnTB白景屹,2,0,,2,['巅峰榜·内地']
BossWang/乔纳森/TripleMAD/Magic Yuan 车龙源,1,0,,1,['巅峰榜·内地']
BossWang/Magic Yuan 车龙源/乔纳森/TripleMAD,1,0,,1,['巅峰榜·内地']
BorderWalker/鸡皮疙瘩,2,0,,2,['巅峰榜·内地']
Bomb比尔/火鸡,1,0,,1,['巅峰榜·新歌']
Bomb比尔,7,0,,6,"['巅峰榜·流行指数', '巅峰榜·新歌', '巅峰榜·内地']"
BoA/WENDY (웬디)/NINGNING,1,0,,1,"['巅峰榜·流行指数', '巅峰榜·新歌']"
Bo Peep/CR_Twenty-six,1,0,,1,['巅峰榜·内地']
Bo Peep,5,0,,5,['巅峰榜·内地']
Billie Eilish,2,0,,2,"['巅峰榜·流行指数', '巅峰榜·新歌']"
Carly Rae Jepsen,1,0,,1,"['巅峰榜·热歌', '巅峰榜·流行指数']"
Capper/罗言RollFlash,1,0,,1,['巅峰榜·热歌']
Capper,2,0,,1,"['巅峰榜·流行指数', '巅峰榜·内地']"
Capone亚尔/文海地/Gz,1,0,,1,['巅峰榜·内地']
Calvin Harris/Rihanna,1,0,,1,['巅峰榜·流行指数']
Calvin Harris/Ellie Goulding,1,0,,1,['巅峰榜·流行指数']
CROXIN.7,1,0,,1,['巅峰榜·新歌']
CRAT西略/瑞达,1,0,,1,['巅峰榜·内地']
CR3.,3,0,,2,"['巅峰榜·流行指数', '巅峰榜·新歌']"
CORTIS,4,0,,1,['巅峰榜·新歌']
COLDKIDS,2,0,,2,['巅峰榜·内地']
CMJ,1,0,,1,"['巅峰榜·热歌', '巅峰榜·新歌']"
CL (李彩麟),1,0,,1,['巅峰榜·新歌']
CK梨/A7i/胡洺嘉/142,1,0,,1,['巅峰榜·内地']
CK梨,1,0,,1,['巅峰榜·内地']
CJ陈加霖,1,0,,1,['巅峰榜·内地']
Cindy大蟠桃子,1,0,,1,['巅峰榜·流行指数']
Chris James,1,0,,1,['巅峰榜·流行指数']
Chocolate Hu/Streammar,1,0,,1,['巅峰榜·内地']
ChoY,1,0,,1,['巅峰榜·内地']
Chinese Football,1,0,,1,['巅峰榜·内地']
Chill_JI,1,0,,1,['巅峰榜·内地']
ChiliChill乐团/三Z-STUDIO/HOYO-MiX,1,0,,1,['巅峰榜·内地']
Chenyu陈鱼！,1,0,,1,['巅峰榜·新歌']
Charlie Puth/Jung Kook/BTS (防弹少年团),1,0,,1,"['巅峰榜·流行指数', '巅峰榜·新歌']"
Charlie Puth/Dan + Shay,1,0,,1,['巅峰榜·新歌']
Charlie Puth,1,0,,1,['巅峰榜·新歌']
Charli xcx,1,0,,1,['巅峰榜·流行指数']
Chad Graham,1,0,,1,['巅峰榜·新歌']
Chace,1,0,,1,['巅峰榜·内地']
Cazerx/142/张昊晴,1,0,,1,['巅峰榜·新歌']
Cathy月月,1,0,,1,['巅峰榜·流行指数']
DAVIS T/杨皮鹏/金艺德,1,0,,1,['巅峰榜·内地']
DARK OPS（Lil Bai）,2,0,,2,['巅峰榜·内地']
DAISHI DANCE (ダイシ・ダンス)/Cécile Corbel,1,0,,2,"['巅峰榜·热歌', '巅峰榜·流行指数']"
DAGE&DAYE,1,0,,1,['巅峰榜·内地']
D.N.A/张艺兴,1,0,,1,['巅峰榜·流行指数']
D-Dawn(丁天亮),1,0,,1,['巅峰榜·内地']
Cécile Corbel,1,0,,2,['巅峰榜·流行指数']
CxM (SEVENTEEN)/Lay Bankz,1,0,,1,['巅峰榜·新歌']
CxM (SEVENTEEN),1,0,,1,['巅峰榜·新歌']
Crush_,1,0,,1,"['巅峰榜·流行指数', '巅峰榜·新歌']"
Cristian Marchi/Reverend Haus,1,0,,1,"['巅峰榜·热歌', '巅峰榜·流行指数']"
CrazyRabbit,1,0,,1,['巅峰榜·内地']
ConeG,1,0,,1,['巅峰榜·内地']
Code-A,1,0,,1,['巅峰榜·内地']
Cloud9,2,0,,2,['巅峰榜·内地']
CityNaiveteClub,1,0,,1,['巅峰榜·内地']
Destiny Rogers,1,0,,1,['巅峰榜·流行指数']
Dear Jane/八三夭乐团,1,0,,1,['巅峰榜·内地']
Dear Jane,1,0,,1,['巅峰榜·内地']
Dayfly,1,0,,1,['巅峰榜·内地']
Daniel Powter,1,0,,3,"['巅峰榜·热歌', '巅峰榜·流行指数']"
DaXxx杨佳蕊/Cifer,1,0,,1,['巅峰榜·新歌']
DaXxx杨佳蕊,2,0,,2,['巅峰榜·内地']
DP龙猪/阿水SWEI/Rays陈袁,1,0,,1,"['巅峰榜·流行指数', '巅峰榜·新歌']"
DJ小姨,1,0,,1,['巅峰榜·流行指数']
DJ力神,1,0,,1,"['巅峰榜·流行指数', '巅峰榜·新歌']"
DJHZ华仔,1,0,,1,['巅峰榜·流行指数']
DJ 零源,1,0,,1,['巅峰榜·内地']
DJ Snake/Justin Bieber,1,0,,1,['巅峰榜·流行指数']
DBAA,1,0,,1,['巅峰榜·内地']
DAZI,1,0,,1,['巅峰榜·内地']
DAWN,1,0,,2,"['巅峰榜·热歌', '巅峰榜·流行指数']"
EXID (이엑스아이디),1,0,,1,['巅峰榜·新歌']
ETA乐队,1,0,,1,['巅峰榜·内地']
EINK/鼠尾草/FEEEleven/DANNYK,1,0,,1,['巅峰榜·内地']
Dynamicduo (다이나믹 듀오)/李泳知 (이영지),1,0,,1,['巅峰榜·新歌']
Duzzy,2,0,,2,"['巅峰榜·新歌', '巅峰榜·内地']"
Dreamon乐队（橘猫乐队）,1,0,,1,['巅峰榜·内地']
Dr.Free,2,0,,2,['巅峰榜·内地']
DoubleS.帥帥,1,0,,1,['巅峰榜·内地']
Don7,3,0,,1,['巅峰榜·新歌']
Doja Cat/Ariana Grande,1,0,,1,"['巅峰榜·流行指数', '巅峰榜·新歌']"
Doja Cat,1,0,,1,['巅峰榜·新歌']
Doggie/黄子韬,1,0,,1,['巅峰榜·内地']
Doggie/徐艺洋,1,0,,1,['巅峰榜·内地']
Dj小裕Remix,1,0,,1,['巅峰榜·新歌']
DjFreshkinho,1,0,,1,['巅峰榜·流行指数']
Dia (디아),1,0,,1,['巅峰榜·流行指数']
FLXQ,1,0,,1,['巅峰榜·内地']
FAT_XXX,1,0,,1,['巅峰榜·内地']
FACEVOID桃心脸哥/lil milk,1,0,,1,['巅峰榜·内地']
F.O.H安予衡,1,0,,1,['巅峰榜·内地']
F.I.R.飞儿乐团,4,0,,3,"['巅峰榜·热歌', '巅峰榜·流行指数']"
Eve,1,0,,1,"['巅峰榜·流行指数', '巅峰榜·新歌']"
Evan李韩宇,2,0,,2,"['巅峰榜·流行指数', '巅峰榜·新歌', '巅峰榜·内地']"
Eternal N/林永琪/格莱美汇（ClubGalame）/Taisheng Music,1,0,,1,['巅峰榜·内地']
Eric周兴哲,1,0,,1,['巅峰榜·流行指数']
Epik High (에픽하이)/Colde (콜드),1,0,,1,"['巅峰榜·流行指数', '巅峰榜·新歌']"
EnjiA魏恩佳,3,0,,3,['巅峰榜·内地']
Energy,1,0,,1,['巅峰榜·流行指数']
Elvis/Tiam,1,0,,1,['巅峰榜·内地']
Eddie Chen,1,0,,1,"['巅峰榜·流行指数', '巅峰榜·新歌']"
Ed Sheeran,3,0,,3,"['巅峰榜·流行指数', '巅峰榜·新歌']"
EXO (엑소),8,0,,10,"['巅峰榜·热歌', '巅峰榜·流行指数', '巅峰榜·新歌']"
GAI周延,3,0,,3,"['巅峰榜·流行指数', '巅峰榜·新歌']"
G.E.M. 邓紫棋,30,0,,18,"['巅峰榜·热歌', '巅峰榜·流行指数', '巅峰榜·新歌']"
Fur,1,0,,1,['巅峰榜·内地']
FrogMonster/GATTÜSO/KZ Tandingan,1,0,,1,['巅峰榜·内地']
FrogMonster,1,0,,2,['巅峰榜·流行指数']
Freesol,1,0,,1,['巅峰榜·内地']
Franky弗兰奇,1,0,,1,['巅峰榜·内地']
Flipped,1,0,,1,"['巅峰榜·流行指数', '巅峰榜·新歌']"
FiFi Zhang,1,0,,1,['巅峰榜·内地']
Feiii,1,0,,1,['巅峰榜·内地']
Faye 詹雯婷/黄旭/王以太,1,0,,1,"['巅峰榜·流行指数', '巅峰榜·新歌']"
Faye 詹雯婷,1,0,,4,"['巅峰榜·热歌', '巅峰榜·流行指数']"
Fatrik/L1NO,1,0,,1,['巅峰榜·新歌']
FPX/Chrissy Costanza/Against the Current,1,0,,1,['巅峰榜·新歌']
FOX胡天渝/MiMi李紫婷,1,0,,1,['巅峰榜·内地']
FLYSBR,1,0,,1,['巅峰榜·新歌']
Ghost (王琳凯)/Sueco,1,0,,1,['巅峰榜·新歌']
Ghost (王琳凯),6,0,,4,"['巅峰榜·热歌', '巅峰榜·流行指数', '巅峰榜·新歌']"
Gavin DeGraw,1,0,,1,['巅峰榜·流行指数']
Gaston庞加斯顿,1,0,,1,['巅峰榜·流行指数']
Gareth.T,3,0,,3,"['巅峰榜·新歌', '巅峰榜·内地']"
Gabry Ponte,1,0,,1,['巅峰榜·新歌']
GTR7,1,0,,1,['巅峰榜·新歌']
GT/K. Zoom,1,0,,1,['巅峰榜·内地']
GT,1,0,,1,['巅峰榜·内地']
GJ/HOLYWEE01,1,0,,1,['巅峰榜·内地']
GJ,1,0,,1,['巅峰榜·新歌']
GALA,3,0,,3,"['巅峰榜·流行指数', '巅峰榜·新歌', '巅峰榜·内地']"
GAI周延/康姆士乐团,1,0,,1,['巅峰榜·流行指数']
GAI周延/布瑞吉Bridge,1,0,,1,['巅峰榜·内地']
GAI周延/功夫胖KUNGFU-PEN/盛宇D-SHINE/KEY.L刘聪,1,0,,1,['巅峰榜·新歌']
GAI周延/VaVa娃娃/威尔Will.T,1,0,,1,"['巅峰榜·流行指数', '巅峰榜·新歌']"
HOYO-MiX,1,0,,1,['巅峰榜·新歌']
HLHS,2,0,,1,"['巅峰榜·流行指数', '巅峰榜·新歌']"
HITA,2,0,,2,"['巅峰榜·流行指数', '巅峰榜·新歌']"
HINA,1,0,,1,['巅峰榜·内地']
HAYA乐团,1,0,,1,['巅峰榜·内地']
HAO,1,0,,1,"['巅峰榜·流行指数', '巅峰榜·新歌']"
HANNA 马明晗/PLANSCHANGE,1,0,,1,['巅峰榜·内地']
H.E.R./Chris Brown,1,0,,1,['巅峰榜·流行指数']
H-Slang & Choco,1,0,,1,['巅峰榜·流行指数']
Gzzzzz,1,0,,2,"['巅峰榜·流行指数', '巅峰榜·新歌']"
Gzzzz,1,0,,1,['巅峰榜·新歌']
Gumperti,1,0,,1,['巅峰榜·新歌']
GooGoo/王之睿,1,0,,2,"['巅峰榜·热歌', '巅峰榜·流行指数']"
GooGoo,2,0,,3,"['巅峰榜·热歌', '巅峰榜·新歌']"
Gill·吉尔,1,0,,1,['巅峰榜·内地']
Gibb-Z,1,0,,1,['巅峰榜·内地']
Hushi,1,0,,1,['巅峰榜·新歌']
Huiyi,1,0,,1,"['巅峰榜·流行指数', '巅峰榜·新歌']"
Hoàng Thùy Linh,1,0,,1,['巅峰榜·流行指数']
Hoo!,1,0,,1,['巅峰榜·内地']
Hillsong Young & Free,1,0,,1,['巅峰榜·流行指数']
Hi Noise,1,0,,1,['巅峰榜·流行指数']
Hello Nico,1,0,,1,['巅峰榜·内地']
Heaven J,1,0,,1,['巅峰榜·内地']
Hearts2Hearts,2,0,,2,['巅峰榜·新歌']
Hayden James/Boy Matthews,1,0,,1,['巅峰榜·流行指数']
Hawk Nelson/Jonathan Steingard,1,0,,1,['巅峰榜·流行指数']
Harry/说唱者联盟,1,0,,1,['巅峰榜·内地']
Harry/张少爷ZEROFIREMAKER,1,0,,1,['巅峰榜·内地']
Hardwal,1,0,,1,['巅峰榜·流行指数']
Hamor张志龙,1,0,,1,['巅峰榜·内地']
Half cat,1,0,,1,['巅峰榜·内地']
JENNIE (제니),1,0,,1,['巅峰榜·新歌']
JA符龙飞,2,0,,2,['巅峰榜·内地']
J.Sheon,1,0,,2,['巅峰榜·流行指数']
Interupt/Luna LePage,1,0,,2,"['巅峰榜·流行指数', '巅峰榜·新歌']"
Imagine Dragons,2,0,,2,['巅峰榜·新歌']
IZ*ONE (아이즈원),2,0,,1,['巅峰榜·新歌']
IVE (아이브),2,0,,2,"['巅峰榜·流行指数', '巅峰榜·新歌']"
IU (아이유),6,0,,1,"['巅峰榜·流行指数', '巅峰榜·新歌']"
ITZY (있지),4,0,,3,"['巅峰榜·流行指数', '巅峰榜·新歌']"
INTO1,2,0,,1,"['巅峰榜·流行指数', '巅峰榜·新歌']"
IN-K/王忻辰/苏星婕,1,0,,1,['巅峰榜·流行指数']
IN-K/王忻辰,2,0,,2,"['巅峰榜·热歌', '巅峰榜·流行指数']"
IN-K/安苏羽/傅梦彤,1,0,,2,['巅峰榜·流行指数']
ILLIT (아일릿),5,0,,2,"['巅峰榜·热歌', '巅峰榜·流行指数', '巅峰榜·新歌']"
IDKAATAL/电音联盟,1,0,,1,['巅峰榜·内地']
ICE杨长青,1,0,,1,['巅峰榜·内地']
JerryH,1,0,,1,['巅峰榜·内地']
Jerrosl4/D.L,1,0,,1,['巅峰榜·内地']
Jeremy Zucker,1,0,,1,"['巅峰榜·流行指数', '巅峰榜·新歌']"
Jeff Jarvis,1,0,,1,['巅峰榜·流行指数']
Jeff,1,0,,1,['巅峰榜·流行指数']
Jayne,1,0,,1,['巅峰榜·新歌']
Jaymes Young,1,0,,1,"['巅峰榜·流行指数', '巅峰榜·新歌']"
Jay Loy,1,0,,1,['巅峰榜·内地']
Jax,1,0,,1,['巅峰榜·新歌']
JandZ,1,0,,1,['巅峰榜·流行指数']
Jameshat 剑哈,1,0,,1,['巅峰榜·内地']
James Blunt/张杰,1,0,,1,['巅峰榜·新歌']
JVKE/Charlie Puth,1,0,,1,['巅峰榜·流行指数']
JSore,1,0,,1,['巅峰榜·内地']
JISOO (지수),2,0,,1,"['巅峰榜·热歌', '巅峰榜·流行指数', '巅峰榜·新歌']"
JING JING,1,0,,1,"['巅峰榜·流行指数', '巅峰榜·新歌']"
KAFE_HU咖啡胡/李吉吉,1,0,,1,['巅峰榜·内地']
K.Yao刘可瑶,3,0,,3,['巅峰榜·内地']
K.D/国风集,1,0,,1,['巅峰榜·内地']
K.D,5,0,,5,"['巅峰榜·新歌', '巅峰榜·内地']"
Justin Bieber/Ludacris/Usher/Snoop Dogg,1,0,,1,['巅峰榜·新歌']
Justin Bieber/Daniel Caesar/GIVĒON,1,0,,1,['巅峰榜·新歌']
Justin Bieber/Alpha P/Omah Lay,1,0,,1,['巅峰榜·流行指数']
JungMoon珍珠鼠,1,0,,1,['巅峰榜·内地']
Jung Kook/Jack Harlow,1,0,,1,['巅峰榜·新歌']
Joyside,1,0,,1,['巅峰榜·内地']
Joysaaaa,5,0,,4,"['巅峰榜·新歌', '巅峰榜·内地']"
Joji,1,0,,1,['巅峰榜·内地']
JohnyFxxkDaCode,1,0,,1,['巅峰榜·内地']
Jinx周君怡,1,0,,1,['巅峰榜·内地']
JigglePuff/林雨晴/陈睿凡/Terry_Tang,1,0,,1,['巅峰榜·内地']
Jessi (제시),1,0,,1,['巅峰榜·新歌']
Kehlani/Justin Bieber,1,0,,1,"['巅峰榜·流行指数', '巅峰榜·新歌']"
Kbz小猪,2,0,,1,"['巅峰榜·流行指数', '巅峰榜·新歌']"
Kauapk,2,0,,1,"['巅峰榜·流行指数', '巅峰榜·新歌']"
Katie Sky,1,0,,1,['巅峰榜·流行指数']
Kartashow/玛丽Mari Kraimbrery,1,0,,1,['巅峰榜·流行指数']
Kacey Musgraves,1,0,,1,"['巅峰榜·流行指数', '巅峰榜·新歌']"
KUNG 龚敬文,1,0,,1,['巅峰榜·内地']
KOKIA (吉田亚纪子),1,0,,1,['巅峰榜·流行指数']
KM LYK/R3T3,1,0,,1,['巅峰榜·新歌']
KKA,1,0,,1,['巅峰榜·内地']
KEYI杨豪,1,0,,1,"['巅峰榜·流行指数', '巅峰榜·新歌']"
KEY.L刘聪,1,0,,1,['巅峰榜·流行指数']
KBShinya/三无Marblue,1,0,,1,['巅峰榜·内地']
KARD (카드),1,0,,1,['巅峰榜·新歌']
KALEO,1,0,,1,['巅峰榜·流行指数']
KAI (金钟仁)/SEULGI (슬기)/JENO (제노)/KARINA (카리나),1,0,,1,"['巅峰榜·流行指数', '巅峰榜·新歌']"
LINX,1,0,,1,['巅峰榜·内地']
LBI利比（时柏尘）/杨玙瑶,1,0,,1,"['巅峰榜·流行指数', '巅峰榜·新歌']"
LBI利比（时柏尘）/Tyson Yoshi,1,0,,1,"['巅峰榜·流行指数', '巅峰榜·新歌']"
LBI利比（时柏尘）,6,0,,7,"['巅峰榜·热歌', '巅峰榜·流行指数', '巅峰榜·新歌']"
K邵庄/狙击黄雀,2,0,,2,['巅峰榜·内地']
Kord,2,0,,1,"['巅峰榜·流行指数', '巅峰榜·新歌']"
KnowKnow,1,0,,1,['巅峰榜·内地']
Kito/Bea Miller,1,0,,1,['巅峰榜·流行指数']
Kirsty刘瑾睿,3,0,,3,['巅峰榜·内地']
Kidult.,1,0,,1,['巅峰榜·内地']
KidNam索南/曲甲,1,0,,1,['巅峰榜·新歌']
Kep1er (케플러),2,0,,2,['巅峰榜·新歌']
Kenxo,2,0,,2,['巅峰榜·内地']
Kent王健,1,0,,1,['巅峰榜·新歌']
Ken-,1,0,,1,['巅峰榜·新歌']
Kelly Clarkson,1,0,,2,"['巅峰榜·热歌', '巅峰榜·流行指数']"
Lil Von,1,0,,1,['巅峰榜·内地']
Lil Nas X/Billy Ray Cyrus/Young Thug/Mason Ramsey,1,0,,1,['巅峰榜·流行指数']
Lil Nas X,2,0,,2,['巅峰榜·新歌']
Lil E/Nick.Y,1,0,,1,['巅峰榜·内地']
LightYear光年,1,0,,1,['巅峰榜·内地']
Lifesaver救命稻草,1,0,,1,['巅峰榜·内地']
Liam NY,1,0,,1,['巅峰榜·内地']
Li-2c（李楚楚）,4,0,,3,"['巅峰榜·流行指数', '巅峰榜·内地']"
Levinti/陈婕/小巫女,1,0,,1,['巅峰榜·内地']
Levinti/陈婕,1,0,,1,['巅峰榜·内地']
Levinti/电音联盟,1,0,,1,['巅峰榜·内地']
Levinti,1,0,,1,['巅峰榜·内地']
Levii1/YUKIKI,1,0,,1,['巅峰榜·内地']
Lambert凌杰/Woo,1,0,,1,"['巅峰榜·流行指数', '巅峰榜·新歌']"
Lambert凌杰,1,0,,1,['巅峰榜·新歌']
LISA (리사),3,0,,2,"['巅峰榜·流行指数', '巅峰榜·新歌']"
LunaLiu刘不语,2,0,,2,['巅峰榜·内地']
Lukie.Y,1,0,,1,['巅峰榜·内地']
Lucid Keys,1,0,,1,['巅峰榜·新歌']
Lost Frequencies/Janieck,1,0,,1,['巅峰榜·新歌']
Loong/艾里克,1,0,,1,['巅峰榜·内地']
Loong,1,0,,1,['巅峰榜·内地']
LoneyZ,1,0,,1,['巅峰榜·流行指数']
Li敖,1,0,,1,"['巅峰榜·流行指数', '巅峰榜·新歌']"
Li仔,1,0,,1,"['巅峰榜·流行指数', '巅峰榜·新歌']"
LizzYtoo,3,0,,3,['巅峰榜·内地']
Liu筱毅,1,0,,1,['巅峰榜·流行指数']
Lion’ss莱恩汜,1,0,,1,['巅峰榜·新歌']
Lin Nabel,1,0,,1,['巅峰榜·新歌']
Lil w1nE,1,0,,1,['巅峰榜·内地']
Lil Zkay,1,0,,1,['巅峰榜·内地']
Lil Yo,1,0,,1,['巅峰榜·新歌']
MEOVV (미야오),1,0,,1,['巅峰榜·新歌']
MC梦 (MC몽)/Mellow (멜로우),1,0,,1,['巅峰榜·热歌']
MC HotDog 热狗/马念先,1,0,,1,"['巅峰榜·流行指数', '巅峰榜·新歌']"
MAYI.,1,0,,1,['巅峰榜·内地']
MAREA/说唱者联盟,1,0,,1,['巅峰榜·内地']
MAREA/沈默亞SHEN/说唱者联盟,1,0,,1,['巅峰榜·内地']
MAREA/wweimm微米,2,0,,2,['巅峰榜·内地']
MAREA,2,0,,2,"['巅峰榜·流行指数', '巅峰榜·新歌', '巅峰榜·内地']"
MAMAMOO (마마무),1,0,,1,['巅峰榜·新歌']
MAMAHUHU,1,0,,1,['巅峰榜·内地']
L（桃籽）/何文宇,2,0,,1,"['巅峰榜·流行指数', '巅峰榜·新歌']"
L（桃籽）/任夏,1,0,,1,['巅峰榜·新歌']
L（桃籽）,7,0,,5,"['巅峰榜·流行指数', '巅峰榜·新歌']"
LÜCY/Jaguar Sun,1,0,,1,['巅峰榜·内地']
LÜCY,1,0,,1,['巅峰榜·内地']
Luxiem,1,0,,1,['巅峰榜·新歌']
Mars,1,0,,1,['巅峰榜·新歌']
Maroon 5/Wiz Khalifa,1,0,,1,['巅峰榜·流行指数']
Maroon 5/Megan Thee Stallion,1,0,,1,['巅峰榜·新歌']
Maroon 5,1,0,,1,['巅峰榜·新歌']
Mark Medlock,1,0,,1,['巅峰榜·流行指数']
Mariah Carey/Ariana Grande/Jennifer Hudson,1,0,,1,['巅峰榜·新歌']
Maple Jazz Band/邓千荧,1,0,,1,['巅峰榜·内地']
Maggie_麦吉,1,0,,1,['巅峰榜·新歌']
Maggie 麥,1,0,,1,['巅峰榜·内地']
Maga,1,0,,1,['巅峰榜·新歌']
Mae Stephens,1,0,,1,['巅峰榜·新歌']
Madnap/Pauline Herr,1,0,,1,['巅峰榜·流行指数']
MSG워너비 (M.O.M),1,0,,1,['巅峰榜·新歌']
MR.KING,1,0,,1,['巅峰榜·内地']
MK电音,1,0,,1,['巅峰榜·新歌']
MIKS,1,0,,1,['巅峰榜·内地']
Mr.16罗隽永,3,0,,3,"['巅峰榜·流行指数', '巅峰榜·内地']"
Mini Hu,1,0,,1,"['巅峰榜·流行指数', '巅峰榜·新歌', '巅峰榜·内地']"
Milk,1,0,,1,['巅峰榜·内地']
Michita (ミチタ),1,0,,2,"['巅峰榜·热歌', '巅峰榜·流行指数']"
Michael Calfan/INNA,1,0,,1,['巅峰榜·流行指数']
MiMi李紫婷/王者荣耀,1,0,,1,['巅峰榜·新歌']
Metro Boomin/Coi Leray,1,0,,1,['巅峰榜·新歌']
Meton米东,1,0,,1,['巅峰榜·内地']
Metablue赛博蓝/Heeze,1,0,,1,['巅峰榜·内地']
May梅梅,1,0,,1,"['巅峰榜·流行指数', '巅峰榜·新歌']"
Mayk,1,0,,1,['巅峰榜·内地']
Max迎南,1,0,,1,['巅峰榜·内地']
Max Oazo/Moonessa,1,0,,1,['巅峰榜·流行指数']
Max Elto,1,0,,1,['巅峰榜·流行指数']
Masked Wolf/Егор Крид,1,0,,1,['巅峰榜·流行指数']
Martin Garrix/Clinton Kane/Alle Farben,1,0,,1,['巅峰榜·流行指数']
NOWZ (나우즈)/宋雨琦 (YUQI) (우기),2,0,,1,['巅峰榜·新歌']
NOM(SIMJIYONG)/两条腿Leggy,1,0,,1,['巅峰榜·内地']
NOM(SIMJIYONG),4,0,,4,"['巅峰榜·流行指数', '巅峰榜·新歌', '巅峰榜·内地']"
NMIXX (엔믹스),5,0,,4,"['巅峰榜·流行指数', '巅峰榜·新歌']"
NIKI,1,0,,1,['巅峰榜·内地']
NIA杨心予,1,0,,1,['巅峰榜·内地']
NCT WISH (엔시티 위시),1,0,,1,"['巅峰榜·流行指数', '巅峰榜·新歌']"
NCT DREAM (엔시티 드림),7,0,,3,"['巅峰榜·流行指数', '巅峰榜·新歌']"
NB69A,1,0,,1,['巅峰榜·新歌']
N.Flying (엔플라잉),1,0,,1,['巅峰榜·流行指数']
Muyoi/徐梦洁,1,0,,1,"['巅峰榜·流行指数', '巅峰榜·新歌']"
Muyoi/Pezzi,1,0,,1,"['巅峰榜·热歌', '巅峰榜·流行指数']"
Muyoi,1,0,,1,['巅峰榜·内地']
Mr.亮,1,0,,1,"['巅峰榜·流行指数', '巅峰榜·新歌']"
Mr.16罗隽永/Simyee陈芯怡/李俊毅JY,1,0,,1,['巅峰榜·内地']
Mr.16罗隽永/Simyee陈芯怡,1,0,,1,"['巅峰榜·流行指数', '巅峰榜·新歌']"
Olly Murs,1,0,,1,['巅峰榜·流行指数']
Oliver Tree,1,0,,1,['巅峰榜·流行指数']
OTK-Silence,1,0,,1,['巅峰榜·内地']
ONEK/EmiER,1,0,,1,['巅峰榜·内地']
ODD陈思键/kwanchen关初恒,1,0,,1,['巅峰榜·内地']
ODD陈思键,2,0,,2,['巅峰榜·内地']
OAO,1,0,,1,['巅峰榜·内地']
Nocturnes曳取,1,0,,1,['巅峰榜·内地']
Nikol,1,0,,1,"['巅峰榜·流行指数', '巅峰榜·新歌']"
NickTheWorld/Metablue赛博蓝,1,0,,1,"['巅峰榜·流行指数', '巅峰榜·新歌']"
Nicholas Witt,1,0,,1,"['巅峰榜·流行指数', '巅峰榜·新歌']"
NiNi李雪滟,3,0,,3,['巅峰榜·内地']
NewJeans (뉴진스),6,0,,3,"['巅峰榜·热歌', '巅峰榜·新歌']"
Naughty Boy/Sam Smith,2,0,,2,['巅峰榜·流行指数']
Nanne,1,0,,1,['巅峰榜·流行指数']
Nainf/说唱者联盟,1,0,,1,"['巅峰榜·新歌', '巅峰榜·内地']"
PostRadio后电台,2,0,,2,['巅峰榜·内地']
Piggy,1,0,,1,['巅峰榜·流行指数']
PiXXiE/Zom Marie,1,0,,1,['巅峰榜·流行指数']
Penny,1,0,,1,"['巅峰榜·热歌', '巅峰榜·流行指数']"
PeaceHotel和平饭店,2,0,,2,['巅峰榜·内地']
Pascal Letoublon/Leony,1,0,,1,['巅峰榜·流行指数']
PURPLE KISS (퍼플키스),1,0,,1,['巅峰榜·新歌']
PSY.P/KnowKnow/Ty.,1,0,,1,['巅峰榜·流行指数']
PSY.P,1,0,,1,['巅峰榜·流行指数']
PPR,1,0,,1,['巅峰榜·新歌']
PHONO/Levinti/Pota/陈婕,1,0,,1,"['巅峰榜·流行指数', '巅峰榜·新歌']"
PANTHEPACK,2,0,,1,['巅峰榜·新歌']
Oscar 涂毓麟/孙乐言,1,0,,1,"['巅峰榜·流行指数', '巅峰榜·新歌']"
Or1ando/说唱者联盟,1,0,,1,['巅峰榜·内地']
Or1ando,1,0,,1,['巅峰榜·内地']
Oops！/儿几,1,0,,1,['巅峰榜·新歌']
ROSÉ (로제),2,0,,1,['巅峰榜·新歌']
RIIZE (라이즈),2,0,,2,['巅峰榜·新歌']
RGR Y于新垚,2,0,,2,['巅峰榜·内地']
RADWIMPS (ラッドウィンプス)/十明,1,0,,1,"['巅峰榜·热歌', '巅峰榜·流行指数']"
RADWIMPS (ラッドウィンプス),2,0,,1,['巅峰榜·流行指数']
R3HAB/蔡依林,1,0,,1,['巅峰榜·新歌']
R3HAB/Kelvin Jones,1,0,,1,['巅峰榜·新歌']
R3HAB/Jonas Blue/Ava Max/Kylie Cantrall,1,0,,1,['巅峰榜·新歌']
R1SE,2,0,,1,['巅峰榜·新歌']
R.E.D,1,0,,1,"['巅峰榜·流行指数', '巅峰榜·新歌']"
R. City,1,0,,1,['巅峰榜·流行指数']
Quinn葵因,2,0,,2,['巅峰榜·内地']
ProdbyMend/李羽彤,1,0,,1,['巅峰榜·流行指数']
ProdbyMend/小野来了,2,0,,1,['巅峰榜·新歌']
ProdbyMend,2,0,,2,['巅峰榜·新歌']
Power Milk,1,0,,1,['巅峰榜·内地']
SASSINRISE,1,0,,1,['巅峰榜·内地']
SARRA梁馨予,2,0,,2,['巅峰榜·内地']
S.H.E,2,0,,2,"['巅峰榜·热歌', '巅峰榜·流行指数']"
Roxy马瑞欣,4,0,,3,"['巅峰榜·流行指数', '巅峰榜·新歌', '巅峰榜·内地']"
Rosy赵露思,1,0,,1,['巅峰榜·新歌']
Robot Swing/陈以恒,1,0,,1,['巅峰榜·内地']
Rival/Cadmium/Harley Bird,1,0,,1,['巅峰榜·流行指数']
Rico Zayd,1,0,,1,['巅峰榜·内地']
Reynard Silva,1,0,,1,['巅峰榜·流行指数']
Red Velvet (레드벨벳)/aespa (에스파),1,0,,1,['巅峰榜·新歌']
Red Velvet (레드벨벳),1,0,,1,['巅峰榜·新歌']
Raven & Kreyn/Nino Lucarelli/RudeLies,1,0,,1,['巅峰榜·流行指数']
RandyBird兰迪鸟/Melva美娃,1,0,,1,['巅峰榜·内地']
Rain (郑智薰)/王嘉尔,1,0,,1,['巅峰榜·新歌']
Rabbitdog/张桐桐/李西泽,1,0,,1,['巅峰榜·内地']
ROSÉ (로제)/Bruno Mars,1,0,,2,"['巅峰榜·热歌', '巅峰榜·流行指数']"
SiM (シム),1,0,,1,['巅峰榜·新歌']
Shu,1,0,,1,['巅峰榜·内地']
Shawn Mendes,1,0,,1,['巅峰榜·新歌']
Shang,1,0,,1,['巅峰榜·流行指数']
Schoolgirl byebye/Haysen郑景曦,1,0,,1,['巅峰榜·内地']
Schoolgirl byebye,1,0,,1,['巅峰榜·内地']
Sasha Alex Sloan,1,0,,1,"['巅峰榜·流行指数', '巅峰榜·新歌']"
Sabrina Carpenter,1,0,,1,['巅峰榜·热歌']
SUNK,1,0,,1,['巅峰榜·内地']
STonE,1,0,,1,['巅峰榜·内地']
STOLEN秘密行动,1,0,,1,['巅峰榜·内地']
STAYC (스테이씨),1,0,,1,['巅峰榜·新歌']
SMTOWN,1,0,,1,['巅峰榜·新歌']
SING女团,1,0,,1,['巅峰榜·新歌']
SING-宗思雨,1,0,,1,"['巅峰榜·流行指数', '巅峰榜·新歌']"
SIENA,1,0,,1,['巅峰榜·内地']
Subai/JVLA/7evens/Max,1,0,,1,['巅峰榜·流行指数']
Stray Kids (스트레이 키즈)/필릭스 (Felix),1,0,,1,['巅峰榜·新歌']
Stray Kids (스트레이 키즈),2,0,,2,['巅峰榜·新歌']
Starry Sky,1,0,,1,['巅峰榜·内地']
Stake/TwoP,1,0,,1,['巅峰榜·流行指数']
Spylent/直火帮StraightFireGang,1,0,,1,['巅峰榜·内地']
SomeLove,1,0,,1,['巅峰榜·新歌']
Social_Melon/K39NN,1,0,,1,['巅峰榜·内地']
So Far So Good 恰好乐队,2,0,,2,['巅峰榜·内地']
Slowly,2,0,,2,['巅峰榜·内地']
Slow-mo/王美琪MKChiChi/说唱者联盟,1,0,,1,['巅峰榜·内地']
Slow-mo/佐符子,1,0,,1,['巅峰榜·内地']
Slow-mo,1,0,,1,['巅峰榜·内地']
Skeynisher  晴,1,0,,1,['巅峰榜·内地']
Simyee陈芯怡,2,0,,2,['巅峰榜·内地']
Sienna Voss,1,0,,1,['巅峰榜·新歌']
TF家族/张峻豪SHUN,2,0,,1,"['巅峰榜·流行指数', '巅峰榜·新歌']"
TF家族/余宇涵,1,0,,1,['巅峰榜·流行指数']
TF家族/TOP登陆少年-朱志鑫/TOP登陆少年-张泽禹/TOP登陆少年-张极,2,0,,2,"['巅峰榜·流行指数', '巅峰榜·新歌']"
TF家族/TOP登陆少年-张泽禹,1,0,,1,['巅峰榜·新歌']
TF家族,2,0,,2,"['巅峰榜·流行指数', '巅峰榜·新歌']"
TE27,3,0,,3,['巅峰榜·内地']
TD,1,0,,1,['巅峰榜·内地']
TC乔安娜,1,0,,1,['巅峰榜·内地']
TASTA塔林夫,1,0,,1,['巅峰榜·内地']
TAEYANG (太阳),1,0,,1,"['巅峰榜·热歌', '巅峰榜·流行指数']"
T.R.Y,1,0,,1,['巅峰榜·流行指数']
SupreCh/冷志轩,1,0,,1,['巅峰榜·内地']
Supper Moment,2,0,,2,['巅峰榜·内地']
Super Max,1,0,,1,['巅峰榜·新歌']
Sunny (써니)/廷祐 (정우)/仁俊,1,0,,1,['巅峰榜·新歌']
Summer Walker/SZA/Cardi B,1,0,,1,"['巅峰榜·流行指数', '巅峰榜·新歌']"
Taylor Swift/Bon Iver,1,0,,1,['巅峰榜·流行指数']
Taylor Swift,17,0,,12,"['巅峰榜·热歌', '巅峰榜·流行指数', '巅峰榜·新歌']"
Tate McRae,1,0,,1,"['巅峰榜·流行指数', '巅峰榜·新歌']"
Tank,4,0,,5,"['巅峰榜·热歌', '巅峰榜·内地']"
Tamboss,4,0,,3,"['巅峰榜·流行指数', '巅峰榜·新歌']"
TYSM,1,0,,1,['巅峰榜·流行指数']
TWS (투어스),1,0,,1,"['巅峰榜·流行指数', '巅峰榜·新歌']"
TWICE (트와이스),4,0,,3,"['巅峰榜·流行指数', '巅峰榜·新歌']"
TSP安琪,1,0,,1,['巅峰榜·新歌']
TRI.BE (트라이비),1,0,,1,['巅峰榜·流行指数']
TREASURE (트레저),1,0,,1,['巅峰榜·流行指数']
TRASH/陈绮贞,1,0,,1,['巅峰榜·内地']
TINY7,1,0,,2,['巅峰榜·热歌']
THOME/KIV,1,0,,1,['巅峰榜·新歌']
THE9,1,0,,1,['巅峰榜·新歌']
THE EITHER,1,0,,1,['巅峰榜·内地']
Tizzy Bac,1,0,,1,['巅峰榜·新歌']
Tinashe,1,0,,1,['巅峰榜·流行指数']
Tiam/永猩Nssus/说唱者联盟,1,0,,1,['巅峰榜·内地']
Tiam/吴鉴格,1,0,,1,['巅峰榜·内地']
Tiam,1,0,,1,['巅峰榜·内地']
TiZi_阿合,1,0,,1,['巅峰榜·内地']
Theseus 忒修斯,1,0,,1,['巅峰榜·内地']
TheFatRat/Anjulie,1,0,,1,['巅峰榜·新歌']
The Weeknd/JENNIE (제니)/Lily-Rose Depp,1,0,,1,['巅峰榜·新歌']
The Shanghai Restoration Project,1,0,,1,['巅峰榜·内地']
The Leg Signals 脚信号,1,0,,1,['巅峰榜·内地']
The Kid LAROI/Justin Bieber,1,0,,2,['巅峰榜·流行指数']
The Chainsmokers,1,0,,1,['巅峰榜·新歌']
TetraCalyx,1,0,,1,['巅峰榜·内地']
Tess Hale,1,0,,1,['巅峰榜·新歌']
Taylor Swift/HAIM,1,0,,1,['巅峰榜·新歌']
Tăng Duy Tân/BAE,1,0,,1,['巅峰榜·流行指数']
Tyson Yoshi,1,0,,1,['巅峰榜·内地']
TypeD,2,0,,2,['巅峰榜·流行指数']
Ty./艾维斯Evis/谢帝,1,0,,1,['巅峰榜·内地']
TwoP/Stake/椅子不够酷/Victor,1,0,,1,"['巅峰榜·流行指数', '巅峰榜·新歌']"
Twinbed,1,0,,1,['巅峰榜·流行指数']
Tuesday Market,3,0,,3,['巅峰榜·内地']
Tsuki,1,0,,1,['巅峰榜·流行指数']
Troye Sivan/Kacey Musgraves/Mark Ronson,1,0,,1,['巅峰榜·新歌']
Troye Sivan,1,0,,1,['巅峰榜·新歌']
Trouble Maker (트러블메이커),1,0,,1,['巅峰榜·流行指数']
Trinix Remix,1,0,,1,['巅峰榜·流行指数']
TrAnc,1,0,,1,['巅峰榜·内地']
Tphunk,1,0,,1,['巅峰榜·内地']
Torine,1,0,,1,['巅峰榜·流行指数']
TizzyT,3,0,,2,"['巅峰榜·流行指数', '巅峰榜·新歌', '巅峰榜·内地']"
Vic,1,0,,1,['巅峰榜·内地']
Venn,1,0,,1,"['巅峰榜·流行指数', '巅峰榜·新歌']"
Veegee徐若侨,1,0,,1,['巅峰榜·内地']
Various Artists,1,0,,1,['巅峰榜·流行指数']
Vaniah维,1,0,,1,['巅峰榜·内地']
VaVa娃娃/王嘉尔,1,0,,1,['巅峰榜·新歌']
VaVa娃娃/Rosy赵露思,1,0,,1,['巅峰榜·新歌']
VZEUS/Jamvana,1,0,,1,['巅峰榜·新歌']
VZEUS,1,0,,1,"['巅峰榜·流行指数', '巅峰榜·新歌']"
VKNOW感觉团,1,0,,1,['巅峰榜·内地']
VIZE/Alan Walker/Leony/Edward Artemyev,1,0,,1,['巅峰榜·新歌']
VEGEE CAU,1,0,,1,['巅峰榜·内地']
V.I.A,1,0,,1,['巅峰榜·内地']
Uu (刘梦妤),1,0,,1,['巅峰榜·流行指数']
Uncle PATA 红宇,1,0,,1,['巅峰榜·新歌']
UNiP,1,0,,1,['巅峰榜·内地']
X-Yarkin/Focoliu/周凯迪kAi,1,0,,1,['巅峰榜·内地']
X-Yarkin,1,0,,1,['巅峰榜·内地']
WishU威绪,1,0,,1,['巅峰榜·内地']
Wild Culture/Shel Bee,1,0,,1,['巅峰榜·流行指数']
WiFi歪歪,1,0,,1,"['巅峰榜·流行指数', '巅峰榜·新歌']"
Walk off the Earth/D Smoke,1,0,,1,"['巅峰榜·流行指数', '巅峰榜·新歌']"
WINGS三人组,1,0,,1,['巅峰榜·流行指数']
WILLIM缪维霖/Lambert凌杰,1,0,,1,['巅峰榜·新歌']
W8VES/沙一汀EL,1,0,,1,['巅峰榜·新歌']
W phonker,1,0,,1,['巅峰榜·新歌']
Vodax,1,0,,1,"['巅峰榜·流行指数', '巅峰榜·新歌']"
VodKe,1,0,,1,"['巅峰榜·流行指数', '巅峰榜·新歌']"
Vitas,1,0,,1,['巅峰榜·流行指数']
Vicky宣宣,1,0,,1,['巅峰榜·内地']
Vicetone/Meron Ryan,1,0,,1,['巅峰榜·流行指数']
Vicetone/Kat Nestel,1,0,,1,['巅峰榜·流行指数']
Yccccccccccccccc,1,0,,1,['巅峰榜·内地']
YYY,1,0,,1,['巅峰榜·新歌']
YOASOBI (ヨアソビ),1,0,,1,['巅峰榜·流行指数']
YERI (예리)/楷灿 (해찬)/辰乐 (천러)/志晟 (지성),1,0,,1,['巅峰榜·新歌']
YEONJUN,1,0,,1,['巅峰榜·新歌']
YENA (崔叡娜)/宋雨琦 (YUQI) (우기),1,0,,1,"['巅峰榜·流行指数', '巅峰榜·新歌']"
Y-D/一口神探,1,0,,1,['巅峰榜·新歌']
XloveSF,1,0,,1,['巅峰榜·新歌']
XiRXG,1,0,,1,['巅峰榜·流行指数']
XXXTentacion,1,0,,1,['巅峰榜·流行指数']
XXSC/周粥Aone,1,0,,1,['巅峰榜·内地']
XXSC/DM蒙多,1,0,,1,['巅峰榜·内地']
XSWLO,1,0,,1,"['巅峰榜·流行指数', '巅峰榜·新歌']"
XG,4,0,,4,"['巅峰榜·流行指数', '巅峰榜·新歌']"
X-Yarkin/袁子安YZA,1,0,,1,['巅峰榜·内地']
X-Yarkin/周凯迪kAi/Focoliu,1,0,,1,['巅峰榜·内地']
Zealot周星星,2,0,,2,"['巅峰榜·热歌', '巅峰榜·流行指数', '巅峰榜·新歌']"
Zakiya晴子,1,0,,1,['巅峰榜·内地']
ZaZaZsu咂咂苏,1,0,,1,['巅峰榜·流行指数']
ZWM.,1,0,,1,['巅峰榜·内地']
ZQS,1,0,,1,['巅峰榜·流行指数']
ZICO (지코)/Homies (호미들),1,0,,1,['巅峰榜·新歌']
ZHANGYE/Pia Toscano,1,0,,1,['巅峰榜·内地']
Z0ILENT,1,0,,1,['巅峰榜·新歌']
Z.Yeshu,1,0,,1,['巅峰榜·内地']
Yves V/INNA/Janieck,1,0,,1,"['巅峰榜·流行指数', '巅峰榜·新歌']"
Yunnyyyy/LebronDuo多杰,1,0,,1,['巅峰榜·内地']
Yunnyyyy,1,0,,1,['巅峰榜·内地']
Youngior,6,0,,6,['巅峰榜·内地']
YoungSeven.孙一航,1,0,,1,['巅峰榜·内地']
Yg/Zeroy,1,0,,1,['巅峰榜·新歌']
Yg,2,0,,2,"['巅峰榜·流行指数', '巅峰榜·新歌']"
en (王翊恩),33,0,,13,"['巅峰榜·热歌', '巅峰榜·流行指数', '巅峰榜·新歌']"
coco-木子文,3,0,,3,['巅峰榜·内地']
cici_,10,0,,6,"['巅峰榜·热歌', '巅峰榜·流行指数', '巅峰榜·新歌']"
cash-c/说唱者联盟,1,0,,1,['巅峰榜·内地']
cash-c,3,0,,3,['巅峰榜·内地']
capyzh,1,0,,1,['巅峰榜·内地']
buckit 陈思潼,1,0,,1,['巅峰榜·内地']
aespa (에스파),8,0,,6,"['巅峰榜·热歌', '巅峰榜·流行指数', '巅峰榜·新歌']"
Zyboy忠宇,4,0,,7,"['巅峰榜·热歌', '巅峰榜·流行指数', '巅峰榜·新歌']"
ZsFlovexl,2,0,,1,['巅峰榜·新歌']
Zkaaai/散人TR,1,0,,1,['巅峰榜·新歌']
Zkaaai/Uncle PATA 红宇,1,0,,1,['巅峰榜·新歌']
Zkaaai,4,0,,4,"['巅峰榜·热歌', '巅峰榜·流行指数', '巅峰榜·新歌']"
ZesT小天,1,0,,1,['巅峰榜·新歌']
Zeho傅子豪/Jiaber吴伯滔,1,0,,1,"['巅峰榜·流行指数', '巅峰榜·新歌']"
Zeen,1,0,,1,['巅峰榜·内地']
melonboii,1,0,,1,['巅峰榜·内地']
mac ova seas/付思遥/Pablo,1,0,,1,['巅峰榜·内地']
leegof,3,0,,3,['巅峰榜·内地']
lIlBOI (릴보이)/Loco (로꼬)/朴宰范 (Jay Park)/GRAY (그레이),1,0,,1,['巅峰榜·新歌']
keshi,1,0,,1,"['巅峰榜·流行指数', '巅峰榜·新歌']"
kashbin,1,0,,1,['巅峰榜·新歌']
joel庞燕珊,2,0,,2,['巅峰榜·内地']
iKON (아이콘),1,0,,1,['巅峰榜·流行指数']
i-dle (아이들),1,0,,1,['巅峰榜·新歌']
hush！,1,0,,1,['巅峰榜·流行指数']
hanser,1,0,,1,['巅峰榜·新歌']
h3R33,1,0,,1,['巅峰榜·新歌']
h3R3/丁肆Dicey,1,0,,1,['巅峰榜·内地']
h3R3,2,0,,1,"['巅峰榜·新歌', '巅峰榜·内地']"
fromis_9 (프로미스나인),1,0,,1,['巅峰榜·新歌']
etihasa/Speed Up Songs,1,0,,1,['巅峰榜·流行指数']
zyy,2,0,,2,"['巅峰榜·流行指数', '巅峰榜·新歌']"
yihuik苡慧,3,0,,4,"['巅峰榜·热歌', '巅峰榜·流行指数', '巅峰榜·新歌']"
ycccc/张家旺,1,0,,1,['巅峰榜·新歌']
ycccc,6,0,,8,"['巅峰榜·热歌', '巅峰榜·流行指数', '巅峰榜·新歌']"
xxxmiracle/knowme,1,0,,1,['巅峰榜·内地']
wweimm微米,2,0,,2,['巅峰榜·内地']
wlikec,1,0,,1,['巅峰榜·流行指数']
vine,1,0,,1,['巅峰榜·新歌']
tom wet/李铭宇,1,0,,1,['巅峰榜·内地']
the PopLan,1,0,,1,['巅峰榜·内地']
step.jad依加,2,0,,2,"['巅峰榜·新歌', '巅峰榜·内地']"
ss沧川,1,0,,1,['巅峰榜·新歌']
ss.沧川,1,0,,1,['巅峰榜·新歌']
pro/馒头妞,1,0,,1,['巅峰榜·新歌']
pro,3,0,,3,"['巅峰榜·热歌', '巅峰榜·流行指数', '巅峰榜·新歌']"
per se,2,0,,2,['巅峰榜·内地']
丁当,1,0,,3,"['巅峰榜·热歌', '巅峰榜·流行指数']"
丁千城,1,0,,1,['巅峰榜·内地']
丁乙,1,0,,1,['巅峰榜·新歌']
丁世光,1,0,,2,"['巅峰榜·流行指数', '巅峰榜·新歌', '巅峰榜·内地']"
一颗狼星/国风集,1,0,,1,['巅峰榜·新歌']
一泽万Easyone,1,0,,1,['巅峰榜·内地']
一棵小葱/张曦匀,1,0,,2,"['巅峰榜·热歌', '巅峰榜·流行指数']"
一棵小葱/傅红雨,1,0,,1,['巅峰榜·内地']
一杯陈豆浆,2,0,,1,"['巅峰榜·热歌', '巅峰榜·流行指数']"
一条椅子,1,0,,1,['巅峰榜·内地']
一支榴莲,1,0,,1,['巅峰榜·内地']
一只白羊,3,0,,4,"['巅峰榜·热歌', '巅峰榜·流行指数', '巅峰榜·新歌']"
一口甜,1,0,,1,['巅峰榜·新歌']
一个小孩,2,0,,1,['巅峰榜·流行指数']
イルカポリス 海豚刑警,1,0,,1,['巅峰榜·内地']
Канги,1,0,,1,['巅峰榜·流行指数']
三叔说,1,0,,1,['巅峰榜·新歌']
万物和声/瞿子千,1,0,,1,['巅峰榜·新歌']
万海东,1,0,,1,"['巅峰榜·流行指数', '巅峰榜·新歌']"
万妮达Vinida Weng/宝石Gem,1,0,,1,['巅峰榜·新歌']
万妮达Vinida Weng/Min-G,1,0,,1,['巅峰榜·内地']
万妮达Vinida Weng,2,0,,2,"['巅峰榜·新歌', '巅峰榜·内地']"
七音盒,1,0,,1,"['巅峰榜·流行指数', '巅峰榜·新歌']"
七喜,1,0,,1,['巅峰榜·流行指数']
七哼Qhyung,1,0,,1,"['巅峰榜·流行指数', '巅峰榜·新歌']"
七叔（叶泽浩）,6,0,,4,['巅峰榜·流行指数']
七元,7,0,,5,"['巅峰榜·流行指数', '巅峰榜·新歌']"
丁肆Dicey,1,0,,1,"['巅峰榜·热歌', '巅峰榜·流行指数']"
丁程鑫/刘耀文/严浩翔/贺峻霖,2,0,,2,['巅峰榜·新歌']
丁禹兮,2,0,,1,"['巅峰榜·热歌', '巅峰榜·流行指数', '巅峰榜·新歌']"
丁欣睿Echo,1,0,,1,['巅峰榜·内地']
丁星辰,1,0,,1,"['巅峰榜·流行指数', '巅峰榜·新歌']"
两个大叔/小钢炮,1,0,,1,"['巅峰榜·流行指数', '巅峰榜·新歌']"
丢火车乐队,2,0,,2,['巅峰榜·内地']
东方红合唱队,1,0,,1,['巅峰榜·流行指数']
与非门,2,0,,2,['巅峰榜·内地']
不蓝,1,0,,1,['巅峰榜·新歌']
不知名人物,1,0,,1,['巅峰榜·新歌']
不爱吃鱼,1,0,,1,"['巅峰榜·流行指数', '巅峰榜·新歌']"
不是花火呀/小田音乐社,1,0,,1,['巅峰榜·流行指数']
不是花火呀,2,0,,2,"['巅峰榜·流行指数', '巅峰榜·新歌']"
不是徐果冻,1,0,,1,['巅峰榜·新歌']
不敢想象/说唱者联盟,2,0,,2,"['巅峰榜·新歌', '巅峰榜·内地']"
不够,1,0,,1,['巅峰榜·流行指数']
不只中二,1,0,,1,['巅峰榜·新歌']
上海彩虹室内合唱团,2,0,,2,['巅峰榜·内地']
三赫兹乐队,2,0,,2,['巅峰榜·内地']
三角猫（mYrtl3V）/麻辣桔,2,0,,2,['巅峰榜·内地']
九日NineNine/陈灵翔Xz,1,0,,1,['巅峰榜·内地']
九日NineNine/KE,1,0,,1,['巅峰榜·内地']
九日NineNine,1,0,,1,['巅峰榜·内地']
九仝jotto,1,0,,1,['巅峰榜·内地']
乔芮,1,0,,1,"['巅峰榜·流行指数', '巅峰榜·新歌']"
乔浚丞,1,0,,1,['巅峰榜·内地']
乔佳旭,2,0,,2,"['巅峰榜·流行指数', '巅峰榜·新歌']"
乌野学长,2,0,,1,['巅峰榜·新歌']
之之是林之之,1,0,,1,['巅峰榜·新歌']
久石让/吴青峰/李乐祺（Lucky）,1,0,,1,['巅峰榜·新歌']
乃万NINEONE/白小白/陈墨一（吖毛）,1,0,,1,['巅峰榜·流行指数']
乃万NINEONE/99 God,1,0,,1,"['巅峰榜·流行指数', '巅峰榜·新歌']"
乃万NINEONE,3,0,,3,"['巅峰榜·流行指数', '巅峰榜·新歌']"
丫蛋,1,0,,1,['巅峰榜·新歌']
严浩翔,2,0,,2,"['巅峰榜·流行指数', '巅峰榜·新歌']"
两条腿Leggy/Hailie黑梨,1,0,,1,['巅峰榜·内地']
于梓贝,1,0,,1,['巅峰榜·内地']
于晚晚,1,0,,1,['巅峰榜·新歌']
于文文,3,0,,14,"['巅峰榜·热歌', '巅峰榜·流行指数', '巅峰榜·新歌']"
于恩众,1,0,,1,['巅峰榜·新歌']
于和伟,1,0,,1,['巅峰榜·热歌']
于博雅,2,0,,2,"['巅峰榜·流行指数', '巅峰榜·内地']"
于冬然,10,0,,8,"['巅峰榜·热歌', '巅峰榜·流行指数', '巅峰榜·新歌']"
于佰万,1,0,,1,['巅峰榜·新歌']
二龙湖浩哥,1,0,,1,['巅峰榜·新歌']
二少君,2,0,,2,"['巅峰榜·流行指数', '巅峰榜·新歌']"
予锦言/阿楚,1,0,,1,['巅峰榜·内地']
予锦言/Aio温温/鸶夏,1,0,,1,['巅峰榜·内地']
买辣椒也用券,2,0,,4,"['巅峰榜·热歌', '巅峰榜·新歌']"
也可,1,0,,1,"['巅峰榜·流行指数', '巅峰榜·新歌']"
九酱,1,0,,1,['巅峰榜·新歌']
九连真人,1,0,,1,['巅峰榜·内地']
井迪儿,2,0,,2,"['巅峰榜·流行指数', '巅峰榜·新歌']"
井胧/伯远/甘望星/邵明明,2,0,,1,['巅峰榜·流行指数']
井胧/井迪儿,1,0,,1,['巅峰榜·流行指数']
井宿,1,0,,1,['巅峰榜·内地']
五条人,1,0,,1,['巅峰榜·内地']
五月天/陈绮贞,1,0,,1,['巅峰榜·流行指数']
五月天/孙燕姿,1,0,,1,['巅峰榜·流行指数']
五月天,13,0,,9,"['巅峰榜·热歌', '巅峰榜·流行指数', '巅峰榜·新歌']"
云狗蛋,1,0,,1,['巅峰榜·新歌']
云汐/甜鱼 NoSweet,1,0,,1,"['巅峰榜·流行指数', '巅峰榜·新歌']"
云汐,6,0,,5,"['巅峰榜·热歌', '巅峰榜·流行指数', '巅峰榜·新歌']"
云朵,2,0,,3,"['巅峰榜·热歌', '巅峰榜·流行指数', '巅峰榜·新歌']"
云南顶呱呱南瓜,2,0,,2,"['巅峰榜·流行指数', '巅峰榜·新歌']"
于贞/龚琳娜,1,0,,1,['巅峰榜·内地']
于贞,2,0,,2,['巅峰榜·内地']
于睿迪/梁铭琛,1,0,,1,['巅峰榜·新歌']
任然/王以诺/陈峥嵘,1,0,,1,['巅峰榜·新歌']
任然,12,0,,12,"['巅峰榜·热歌', '巅峰榜·流行指数', '巅峰榜·新歌']"
任泽华,1,0,,1,['巅峰榜·内地']
任夏,12,0,,9,"['巅峰榜·流行指数', '巅峰榜·新歌']"
任嘉伦,3,0,,3,"['巅峰榜·流行指数', '巅峰榜·新歌']"
代少冬/韩佩泉Amir/NexT1DE-胡烨韬/周柯宇,1,0,,1,['巅峰榜·新歌']
付豪,2,0,,2,"['巅峰榜·流行指数', '巅峰榜·新歌']"
付育玮,1,0,,1,['巅峰榜·内地']
付俊乐,1,0,,1,"['巅峰榜·热歌', '巅峰榜·流行指数']"
今晚离岸,1,0,,1,['巅峰榜·新歌']
人面兽心/花凯,1,0,,1,['巅峰榜·新歌']
京剧·吴昊,2,0,,2,"['巅峰榜·流行指数', '巅峰榜·新歌']"
亦勋,1,0,,1,['巅峰榜·内地']
亦伊,1,0,,1,['巅峰榜·流行指数']
亚东,1,0,,1,['巅峰榜·流行指数']
井闪闪,1,0,,1,['巅峰榜·新歌']
何仟仟,2,0,,2,"['巅峰榜·流行指数', '巅峰榜·新歌']"
佑龙,1,0,,1,['巅峰榜·热歌']
伯远,3,0,,2,['巅峰榜·新歌']
伯贤 (백현)/道英 (도영),1,0,,1,['巅峰榜·新歌']
伯贤 (백현),6,0,,2,"['巅峰榜·流行指数', '巅峰榜·新歌']"
伯爵Johnny/唐伯虎Annie,1,0,,1,['巅峰榜·流行指数']
伦桑/张曦匀,1,0,,1,['巅峰榜·流行指数']
伤心欲绝,1,0,,1,['巅峰榜·内地']
伞,1,0,,1,['巅峰榜·内地']
会遇到吗,1,0,,1,['巅峰榜·流行指数']
伏仪,2,0,,1,"['巅峰榜·流行指数', '巅峰榜·新歌', '巅峰榜·内地']"
伍泓毅,1,0,,1,"['巅峰榜·流行指数', '巅峰榜·新歌']"
伍佰 & China Blue,3,0,,3,"['巅峰榜·热歌', '巅峰榜·流行指数']"
伊格赛听/文雯Claire,1,0,,1,['巅峰榜·流行指数']
伊格赛听/叶里,1,0,,1,['巅峰榜·流行指数']
企鹅干部,1,0,,1,['巅峰榜·内地']
余超颖,5,0,,5,"['巅峰榜·流行指数', '巅峰榜·新歌']"
余火火,4,0,,3,"['巅峰榜·流行指数', '巅峰榜·新歌']"
余梓桾X张子薇,2,0,,2,"['巅峰榜·流行指数', '巅峰榜·新歌', '巅峰榜·内地']"
余意Yu1,1,0,,1,['巅峰榜·内地']
余偲橙/周迪Lion,1,0,,1,['巅峰榜·内地']
余佳运,7,0,,9,"['巅峰榜·热歌', '巅峰榜·流行指数', '巅峰榜·内地']"
何雨溪/KyL3,1,0,,1,['巅峰榜·流行指数']
何野,1,0,,2,"['巅峰榜·热歌', '巅峰榜·流行指数']"
何道明,2,0,,2,['巅峰榜·内地']
何深彰,1,0,,1,"['巅峰榜·流行指数', '巅峰榜·新歌']"
何浩楠,1,0,,1,"['巅峰榜·流行指数', '巅峰榜·新歌']"
何洁/苏醒AllenSu,1,0,,1,['巅峰榜·新歌']
何欢浪,1,0,,1,"['巅峰榜·流行指数', '巅峰榜·新歌']"
何曼婷,1,0,,1,"['巅峰榜·流行指数', '巅峰榜·新歌']"
何德瑞/十七/孙滢皓/亿轩,1,0,,1,['巅峰榜·流行指数']
何屹繁/贵尚奇/上原一翔 (ICHIKA)/王孝辰,1,0,,1,"['巅峰榜·流行指数', '巅峰榜·新歌']"
傅如乔,1,0,,2,['巅峰榜·流行指数']
倩门西,1,0,,1,"['巅峰榜·流行指数', '巅峰榜·新歌']"
俞更寅/高卿尘Nine/米卡/尹浩宇Patrick,2,0,,1,"['巅峰榜·流行指数', '巅峰榜·新歌']"
俞宙 (유주),1,0,,1,['巅峰榜·新歌']
侯贝贝,1,0,,1,"['巅峰榜·流行指数', '巅峰榜·新歌']"
侯泽润,8,0,,5,"['巅峰榜·流行指数', '巅峰榜·新歌']"
侯江浩,1,0,,1,['巅峰榜·新歌']
侯春蕾,4,0,,4,['巅峰榜·内地']
侯博远,1,0,,1,['巅峰榜·内地']
侯东Holdon/Kevin罗凯文,1,0,,1,['巅峰榜·内地']
侃迪kandi,1,0,,1,['巅峰榜·流行指数']
侃侃,1,0,,1,['巅峰榜·内地']
佳艺,1,0,,1,['巅峰榜·新歌']
你的上好佳,3,0,,2,"['巅峰榜·流行指数', '巅峰榜·新歌']"
你星Official,3,0,,2,"['巅峰榜·流行指数', '巅峰榜·新歌']"
你们的好朋友大雨,1,0,,2,"['巅峰榜·流行指数', '巅峰榜·新歌']"
关浩德Walter,3,0,,3,"['巅峰榜·新歌', '巅峰榜·内地']"
关喆,1,0,,1,"['巅峰榜·热歌', '巅峰榜·流行指数']"
关剑/阿豪/何解一,1,0,,1,['巅峰榜·流行指数']
关剑,1,0,,2,"['巅峰榜·流行指数', '巅峰榜·新歌']"
兰天奇,1,0,,1,['巅峰榜·内地']
八仙 8Immortals,1,0,,1,['巅峰榜·内地']
八三夭乐团/告五人,1,0,,1,['巅峰榜·内地']
八三夭乐团,2,0,,2,"['巅峰榜·流行指数', '巅峰榜·内地']"
全幺九,2,0,,2,"['巅峰榜·流行指数', '巅峰榜·新歌']"
克里/南乔,1,0,,1,['巅峰榜·新歌']
克里,1,0,,1,"['巅峰榜·流行指数', '巅峰榜·新歌']"
克拉松kkls,1,0,,1,['巅峰榜·内地']
光泽,2,0,,2,"['巅峰榜·热歌', '巅峰榜·内地']"
元气牛油果,2,0,,2,['巅峰榜·内地']
傻子与白痴/魏如萱,1,0,,1,['巅峰榜·内地']
傅梦彤,2,0,,2,"['巅峰榜·流行指数', '巅峰榜·内地']"
几度,1,0,,1,['巅峰榜·流行指数']
凌零,1,0,,1,['巅峰榜·内地']
凌佳,1,0,,1,['巅峰榜·内地']
冼家逴,3,0,,3,['巅峰榜·内地']
冷水AquaCold,1,0,,1,['巅峰榜·内地']
冰尧/星弟,1,0,,1,['巅峰榜·内地']
冯提莫/QQ飞车,1,0,,1,"['巅峰榜·流行指数', '巅峰榜·新歌']"
冯希瑶,1,0,,1,['巅峰榜·新歌']
冯午宁,1,0,,1,['巅峰榜·内地']
冯一仔,1,0,,1,['巅峰榜·内地']
冬天吃了秋天/CK梨/142,1,0,,1,['巅峰榜·内地']
冬天吃了秋天/CK梨,1,0,,1,['巅峰榜·内地']
冬,1,0,,1,['巅峰榜·流行指数']
冉冉/傅如一,1,0,,1,['巅峰榜·流行指数']
冀乐桐,2,0,,2,['巅峰榜·内地']
养鱼的缸,1,0,,1,['巅峰榜·内地']
刘德华,2,0,,3,"['巅峰榜·热歌', '巅峰榜·流行指数', '巅峰榜·新歌']"
刘家奇阿,1,0,,1,['巅峰榜·新歌']
刘宇轩,3,0,,3,['巅峰榜·内地']
刘宇宁,11,0,,10,"['巅峰榜·流行指数', '巅峰榜·新歌']"
刘宇,4,0,,3,"['巅峰榜·流行指数', '巅峰榜·新歌']"
刘大拿,2,0,,2,"['巅峰榜·热歌', '巅峰榜·流行指数', '巅峰榜·新歌']"
刘大壮,4,0,,3,['巅峰榜·新歌']
刘可以,1,0,,1,['巅峰榜·新歌']
刘凤瑶,1,0,,1,"['巅峰榜·流行指数', '巅峰榜·新歌']"
刘兆宇/张德伊玲,1,0,,1,['巅峰榜·新歌']
分餐制度,2,0,,2,['巅峰榜·内地']
刀酱,1,0,,1,['巅峰榜·新歌']
刀郎,5,0,,1,"['巅峰榜·热歌', '巅峰榜·流行指数']"
凹与山,1,0,,1,['巅峰榜·内地']
凶狠凯蒂,1,0,,1,['巅峰榜·内地']
凤凰传奇,3,0,,8,"['巅峰榜·热歌', '巅峰榜·流行指数']"
刘烨溦,1,0,,1,"['巅峰榜·流行指数', '巅峰榜·新歌']"
刘炫廷,1,0,,1,['巅峰榜·内地']
刘森,1,0,,1,['巅峰榜·内地']
刘晓超,3,0,,3,['巅峰榜·新歌']
刘晓盈,1,0,,1,['巅峰榜·内地']
刘明湘,1,0,,1,"['巅峰榜·流行指数', '巅峰榜·新歌']"
刘明军,1,0,,1,['巅峰榜·新歌']
刘惜君/王赫野,1,0,,1,['巅峰榜·流行指数']
刘惜君,2,0,,2,"['巅峰榜·流行指数', '巅峰榜·新歌']"
刘恋,1,0,,1,"['巅峰榜·流行指数', '巅峰榜·新歌']"
刘思达,1,0,,1,"['巅峰榜·流行指数', '巅峰榜·新歌']"
刘思涵,1,0,,1,"['巅峰榜·热歌', '巅峰榜·流行指数']"
刘思思,2,0,,2,"['巅峰榜·流行指数', '巅峰榜·新歌']"
刘忻/遗忘俱乐部,1,0,,1,['巅峰榜·内地']
刘心,1,0,,1,"['巅峰榜·流行指数', '巅峰榜·新歌']"
刘德华/倪妮,1,0,,1,['巅峰榜·新歌']
初月,1,0,,1,['巅峰榜·新歌']
创造营2021,1,0,,1,['巅峰榜·新歌']
刘鹿琪,1,0,,1,['巅峰榜·内地']
刘馨蔚,1,0,,1,['巅峰榜·新歌']
刘雨昕/阿云嘎,1,0,,1,['巅峰榜·流行指数']
刘雨昕,7,0,,6,"['巅峰榜·流行指数', '巅峰榜·新歌']"
刘阳阳,5,0,,4,"['巅峰榜·热歌', '巅峰榜·新歌']"
刘鑫禹/苏苏老师,1,0,,1,['巅峰榜·新歌']
刘虹位,1,0,,1,['巅峰榜·内地']
刘莉旻,1,0,,1,['巅峰榜·内地']
刘若英,3,0,,7,"['巅峰榜·热歌', '巅峰榜·流行指数', '巅峰榜·新歌']"
刘芸杉,1,0,,1,['巅峰榜·内地']
刘耀文/张真源/严浩翔,1,0,,1,['巅峰榜·流行指数']
刘耀文,8,0,,4,"['巅峰榜·热歌', '巅峰榜·流行指数', '巅峰榜·新歌']"
刘瑞琦,5,0,,4,"['巅峰榜·流行指数', '巅峰榜·新歌', '巅峰榜·内地']"
刘珂矣,2,0,,2,"['巅峰榜·流行指数', '巅峰榜·新歌']"
十个小张,1,0,,1,['巅峰榜·内地']
十个勤天,1,0,,1,['巅峰榜·新歌']
匠音夫妇,1,0,,1,['巅峰榜·新歌']
北京市少年宫合唱团,1,0,,1,['巅峰榜·流行指数']
化骨龙乐队,1,0,,1,['巅峰榜·内地']
势如,1,0,,1,['巅峰榜·流行指数']
动力火车,1,0,,1,"['巅峰榜·流行指数', '巅峰榜·新歌']"
加勒,2,0,,1,['巅峰榜·新歌']
剑网3/五色石南叶/黄诗扶/Winky诗,1,0,,1,['巅峰榜·新歌']
前男友/situasian张太郎,1,0,,1,['巅峰榜·流行指数']
前男友,1,0,,1,['巅峰榜·内地']
刻奇乐队,2,0,,2,['巅峰榜·内地']
刺猬,1,0,,1,['巅峰榜·内地']
别总灰蒙蒙,1,0,,1,['巅峰榜·新歌']
别叫我虚哥,1,0,,1,['巅峰榜·流行指数']
初生,1,0,,1,['巅峰榜·流行指数']
卢广仲,2,0,,2,"['巅峰榜·热歌', '巅峰榜·流行指数', '巅峰榜·新歌']"
卡西恩Cacien,2,0,,2,['巅峰榜·内地']
南游记乐队,1,0,,1,['巅峰榜·内地']
南拳妈妈,1,0,,1,['巅峰榜·流行指数']
南征北战NZBZ,1,0,,1,['巅峰榜·热歌']
单循,2,0,,2,"['巅峰榜·流行指数', '巅峰榜·新歌']"
单依纯/王力宏,1,0,,1,['巅峰榜·流行指数']
单依纯,11,0,,12,"['巅峰榜·热歌', '巅峰榜·流行指数', '巅峰榜·新歌']"
卓沅,1,0,,1,['巅峰榜·流行指数']
华语群星,1,0,,1,['巅峰榜·流行指数']
华晨宇/马嘉祺/陈卓璇,1,0,,1,"['巅峰榜·热歌', '巅峰榜·流行指数']"
华晨宇/和平精英,1,0,,1,['巅峰榜·新歌']
半阳,1,0,,1,['巅峰榜·新歌']
半吨兄弟/张茜（张惜淇）,1,0,,1,"['巅峰榜·流行指数', '巅峰榜·新歌']"
半吨兄弟,26,0,,12,"['巅峰榜·流行指数', '巅峰榜·新歌']"
午睡留声机/廖俊涛/鞠翼铭/刘炀,1,0,,1,"['巅峰榜·流行指数', '巅峰榜·新歌']"
只有影子/宋玥SONGZer,1,0,,1,['巅峰榜·新歌']
古月娜,1,0,,1,"['巅峰榜·流行指数', '巅峰榜·新歌']"
古巨基,2,0,,7,"['巅峰榜·热歌', '巅峰榜·流行指数', '巅峰榜·新歌']"
发光曲线,1,0,,1,['巅峰榜·内地']
双笙 (陈元汐),2,0,,2,"['巅峰榜·新歌', '巅峰榜·内地']"
叁伏便利店,1,0,,1,['巅峰榜·内地']
厦门六中合唱团,1,0,,1,['巅峰榜·新歌']
原来是萝卜丫,1,0,,1,['巅峰榜·新歌']
原子邦妮,1,0,,1,['巅峰榜·内地']
印子月,2,0,,2,"['巅峰榜·新歌', '巅峰榜·内地']"
卫兰,1,0,,2,"['巅峰榜·热歌', '巅峰榜·流行指数']"
卧轨的火车,1,0,,1,['巅峰榜·内地']
卢焱恒,1,0,,1,['巅峰榜·新歌']
卢润泽/于一,1,0,,1,"['巅峰榜·流行指数', '巅峰榜·新歌']"
卢润泽,3,0,,4,"['巅峰榜·热歌', '巅峰榜·新歌']"
卢思颖,1,0,,1,['巅峰榜·新歌']
叶里,2,0,,2,"['巅峰榜·流行指数', '巅峰榜·新歌']"
叶蒨文/单依纯,1,0,,1,['巅峰榜·流行指数']
叶蒨文,1,0,,1,['巅峰榜·流行指数']
叶菁菁,1,0,,1,['巅峰榜·新歌']
叶琼琳,1,0,,1,['巅峰榜·内地']
叶炫清/陈雪燃,1,0,,1,['巅峰榜·新歌']
叶炫清/ONER岳岳,1,0,,1,['巅峰榜·新歌']
叶炫清,3,0,,3,['巅峰榜·内地']
叶湘雨,1,0,,1,['巅峰榜·内地']
叶洛洛/扇宝,1,0,,1,['巅峰榜·新歌']
叶枫华/农夫,1,0,,1,['巅峰榜·内地']
叶枫华,2,0,,2,['巅峰榜·内地']
叶斯淳,2,0,,2,"['巅峰榜·流行指数', '巅峰榜·新歌']"
叶子舒,1,0,,1,['巅峰榜·流行指数']
右侧合流,1,0,,1,['巅峰榜·内地']
史一,1,0,,1,"['巅峰榜·流行指数', '巅峰榜·新歌']"
吴九三,1,0,,1,['巅峰榜·新歌']
听音社,1,0,,1,['巅峰榜·内地']
含大仙儿,1,0,,1,['巅峰榜·新歌']
吕大叶/马子林Broma/陈觅Lynne/王以诺,1,0,,2,['巅峰榜·流行指数']
吕口口,17,0,,12,"['巅峰榜·流行指数', '巅峰榜·新歌']"
向思思/袁小葳/潘成（皮卡潘）/卢润泽,1,0,,1,['巅峰榜·流行指数']
向思思/苏二墨,1,0,,1,['巅峰榜·流行指数']
向思思,3,0,,3,"['巅峰榜·流行指数', '巅峰榜·新歌']"
后弦,2,0,,2,"['巅峰榜·热歌', '巅峰榜·流行指数', '巅峰榜·新歌']"
吉星出租,2,0,,3,"['巅峰榜·热歌', '巅峰榜·流行指数']"
吉丁Kiddin/GZ_Beatz/TangoZ,1,0,,1,['巅峰榜·内地']
司徒兰芳,2,0,,2,"['巅峰榜·流行指数', '巅峰榜·新歌']"
司南,4,0,,3,"['巅峰榜·流行指数', '巅峰榜·内地']"
叶青赛蓝,1,0,,1,['巅峰榜·内地']
叶雨晨.,1,0,,1,"['巅峰榜·热歌', '巅峰榜·流行指数', '巅峰榜·新歌']"
叶雨晨,1,0,,1,['巅峰榜·新歌']
吴雨霏,1,0,,2,['巅峰榜·流行指数']
吴鉴格,2,0,,2,['巅峰榜·内地']
吴芊仪,3,0,,3,['巅峰榜·内地']
吴瑞斯/徐时一,1,0,,1,['巅峰榜·新歌']
吴映香Lúcia,1,0,,1,"['巅峰榜·流行指数', '巅峰榜·新歌']"
吴星娆,1,0,,1,['巅峰榜·内地']
吴建京,1,0,,1,['巅峰榜·内地']
吴岱林,2,0,,2,"['巅峰榜·流行指数', '巅峰榜·新歌']"
吴婧文/姗姗不来迟,1,0,,1,['巅峰榜·新歌']
吴姝凝哇噻呐,3,0,,3,['巅峰榜·内地']
吴垚滔（七月的星期七）,1,0,,1,['巅峰榜·内地']
吴哈尼Yolanda,1,0,,1,['巅峰榜·内地']
吴可儿Woo,1,0,,1,"['巅峰榜·流行指数', '巅峰榜·新歌']"
吴半首,1,0,,1,['巅峰榜·新歌']
吴克群,1,0,,1,['巅峰榜·新歌']
吴依然/亦可,1,0,,1,['巅峰榜·内地']
周柯宇,2,0,,2,"['巅峰榜·流行指数', '巅峰榜·新歌']"
周柏豪,2,0,,2,"['巅峰榜·流行指数', '巅峰榜·新歌']"
周林枫,4,0,,5,"['巅峰榜·热歌', '巅峰榜·流行指数', '巅峰榜·新歌']"
周杰伦/Lara梁心颐,1,0,,1,['巅峰榜·流行指数']
周杰伦,38,0,,20,"['巅峰榜·热歌', '巅峰榜·流行指数', '巅峰榜·新歌']"
周文凯,1,0,,1,['巅峰榜·新歌']
周延英（英子-effie）,4,0,,4,['巅峰榜·内地']
周夏影/法老,1,0,,1,['巅峰榜·内地']
周周MG/我是啊曲,1,0,,1,['巅峰榜·内地']
周周MG,2,0,,2,['巅峰榜·内地']
周公,1,0,,2,['巅峰榜·流行指数']
周传雄/陆虎/马嘉祺,1,0,,1,['巅峰榜·流行指数']
周传雄,7,0,,16,"['巅峰榜·热歌', '巅峰榜·流行指数', '巅峰榜·新歌']"
告五人,6,0,,10,"['巅峰榜·热歌', '巅峰榜·流行指数', '巅峰榜·新歌', '巅峰榜·内地']"
呀婵 nancyleung,1,0,,1,['巅峰榜·内地']
吴青峰,3,0,,3,"['巅峰榜·流行指数', '巅峰榜·新歌']"
哈利白特/Zkaaai,1,0,,1,['巅峰榜·流行指数']
品冠,1,0,,1,['巅峰榜·流行指数']
哀四杏,2,0,,2,['巅峰榜·内地']
咖菲/猪老三儿,1,0,,1,['巅峰榜·流行指数']
和平和浪,1,0,,1,['巅峰榜·内地']
周鹏霄,3,0,,3,['巅峰榜·内地']
周震南,1,0,,1,['巅峰榜·新歌']
周迅,1,0,,1,['巅峰榜·新歌']
周笔畅/李昊,1,0,,1,['巅峰榜·流行指数']
周潇齐/碧梨,1,0,,1,['巅峰榜·新歌']
周深深/阿布学长,1,0,,1,"['巅峰榜·流行指数', '巅峰榜·新歌']"
周深深,3,0,,2,['巅峰榜·新歌']
周深/王者荣耀,1,0,,1,"['巅峰榜·流行指数', '巅峰榜·新歌']"
周深/Terry Zhong 钟天利,1,0,,1,['巅峰榜·新歌']
周深/GAI周延,1,0,,1,"['巅峰榜·热歌', '巅峰榜·流行指数']"
周深,53,0,,19,"['巅峰榜·热歌', '巅峰榜·流行指数', '巅峰榜·新歌']"
嘉逸JAYI/潘妮,1,0,,1,"['巅峰榜·流行指数', '巅峰榜·内地']"
嗷耐浪/卢泠 BOBIV,1,0,,1,['巅峰榜·内地']
嗷呜一口仙贝（陈婉琳）,1,0,,1,"['巅峰榜·流行指数', '巅峰榜·新歌']"
喻言,3,0,,3,"['巅峰榜·流行指数', '巅峰榜·新歌']"
喵酱油/花玲/爆裂菊是也,1,0,,1,"['巅峰榜·流行指数', '巅峰榜·新歌']"
喝酸奶吃盖盖,1,0,,1,['巅峰榜·流行指数']
善宇,2,0,,2,['巅峰榜·新歌']
善善²²³,1,0,,1,['巅峰榜·新歌']
唐雅雯,1,0,,1,['巅峰榜·内地']
唐艺,1,0,,1,"['巅峰榜·流行指数', '巅峰榜·新歌']"
唐筱优/散人TR,1,0,,1,['巅峰榜·内地']
唐灏MickeyTown,1,0,,1,['巅峰榜·内地']
唐汉霄/王者荣耀,1,0,,1,['巅峰榜·内地']
唐汉霄,6,0,,5,"['巅峰榜·热歌', '巅峰榜·流行指数', '巅峰榜·新歌', '巅峰榜·内地']"
唐千云,1,0,,1,['巅峰榜·流行指数']
唐伯虎Annie,6,0,,5,"['巅峰榜·热歌', '巅峰榜·流行指数', '巅峰榜·新歌']"
壞特？te,1,0,,1,['巅峰榜·内地']
坨坨芭乐,1,0,,1,['巅峰榜·内地']
坠.,2,0,,2,['巅峰榜·新歌']
圣代/Landuo懒惰,1,0,,1,['巅峰榜·内地']
圈9,1,0,,1,"['巅峰榜·流行指数', '巅峰榜·新歌']"
国风集/黄诗扶,1,0,,1,['巅峰榜·新歌']
国风集/吴青峰,1,0,,1,['巅峰榜·新歌']
国风集/五音Jw,1,0,,1,"['巅峰榜·流行指数', '巅峰榜·新歌']"
国风集/Smile_小千,1,0,,1,['巅峰榜·新歌']
国风新语/浮生梦/汐音社,1,0,,1,['巅峰榜·新歌']
回春丹乐队,2,0,,2,['巅峰榜·内地']
回小仙,1,0,,1,['巅峰榜·流行指数']
回唐/江陵,1,0,,1,['巅峰榜·内地']
四熹丸子,1,0,,1,"['巅峰榜·热歌', '巅峰榜·流行指数', '巅峰榜·新歌']"
囍浪,1,0,,1,['巅峰榜·内地']
噔咦嘁,1,0,,1,['巅峰榜·内地']
大哲,1,0,,1,['巅峰榜·新歌']
夜场票Night Ticket,1,0,,1,['巅峰榜·内地']
多尚,1,0,,1,['巅峰榜·流行指数']
多喝芬达/莉亚羊羊,1,0,,1,['巅峰榜·内地']
夏酱_TOKI,1,0,,1,['巅峰榜·流行指数']
夏裕晴/贾祖龙,1,0,,1,['巅峰榜·内地']
夏裕晴,1,0,,1,['巅峰榜·内地']
夏神铁粉,1,0,,1,['巅峰榜·内地']
夏日入侵企画,2,0,,2,['巅峰榜·内地']
夏思远Huswan,1,0,,1,['巅峰榜·内地']
夏子航（2603）,1,0,,1,['巅峰榜·新歌']
夏婉安/孙星辰,1,0,,1,['巅峰榜·内地']
夏婉安,3,0,,2,"['巅峰榜·流行指数', '巅峰榜·新歌']"
夏天Alex,2,0,,1,['巅峰榜·流行指数']
夏以岛/一个w,1,0,,1,['巅峰榜·新歌']
声音碎片,1,0,,1,['巅峰榜·内地']
大象先生,1,0,,1,['巅峰榜·内地']
大表哥Sophie,1,0,,1,['巅峰榜·新歌']
大芳,1,0,,1,['巅峰榜·内地']
大美,3,0,,3,"['巅峰榜·流行指数', '巅峰榜·新歌']"
大籽,1,0,,5,"['巅峰榜·热歌', '巅峰榜·流行指数']"
大笨,1,0,,1,['巅峰榜·流行指数']
大甜甜,1,0,,1,['巅峰榜·内地']
大潞,2,0,,2,['巅峰榜·新歌']
大波浪,1,0,,1,['巅峰榜·内地']
大欢,1,0,,1,['巅峰榜·新歌']
大橘子,1,0,,1,['巅峰榜·新歌']
大橘为重/只有影子/兰芽yaya/许多葵,1,0,,1,"['巅峰榜·流行指数', '巅峰榜·新歌']"
大摆锤乐队（pendulum ride）,1,0,,1,['巅峰榜·内地']
大张伟,1,0,,1,['巅峰榜·流行指数']
大川Dietry,1,0,,1,['巅峰榜·新歌']
大喜,1,0,,1,['巅峰榜·内地']
姚政,1,0,,1,['巅峰榜·新歌']
姚六一,2,0,,2,"['巅峰榜·流行指数', '巅峰榜·新歌']"
好妹妹乐队,2,0,,2,['巅峰榜·内地']
好多倩,1,0,,1,['巅峰榜·新歌']
好乐团,2,0,,2,['巅峰榜·内地']
奶酪ovo,1,0,,1,"['巅峰榜·流行指数', '巅峰榜·新歌']"
奥斯卡OZCARWANG/周柯宇/谷柳霖/凌箫,1,0,,1,['巅峰榜·新歌']
奕sir,1,0,,1,"['巅峰榜·流行指数', '巅峰榜·新歌']"
奇然/沈谧仁,1,0,,1,['巅峰榜·流行指数']
失联深海MissingDepth,1,0,,1,['巅峰榜·内地']
太白Great White Planet,1,0,,1,['巅峰榜·内地']
太帅了花,1,0,,1,['巅峰榜·内地']
太妍 (태연)/IMLAY,1,0,,1,['巅峰榜·新歌']
太一,4,0,,4,['巅峰榜·内地']
天津李四,1,0,,1,['巅峰榜·新歌']
大都会乐团,1,0,,1,['巅峰榜·内地']
婉枫/张朕,1,0,,1,"['巅峰榜·流行指数', '巅峰榜·新歌']"
娜琏 (나연)/필릭스 (Felix),1,0,,1,"['巅峰榜·流行指数', '巅峰榜·新歌']"
娜琏 (나연)/Wonstein (원슈타인),1,0,,1,"['巅峰榜·流行指数', '巅峰榜·新歌']"
娜琏 (나연),1,0,,1,"['巅峰榜·流行指数', '巅峰榜·新歌']"
威神V(WayV),6,0,,2,['巅峰榜·新歌']
姜铭杨,1,0,,1,['巅峰榜·内地']
姜辰辰,1,0,,1,['巅峰榜·新歌']
姜昕,1,0,,1,['巅峰榜·内地']
姜昇润 (강승윤),1,0,,1,['巅峰榜·新歌']
姜姜,2,0,,3,"['巅峰榜·流行指数', '巅峰榜·新歌']"
姜云升/鞠婧祎/说唱者联盟,1,0,,1,"['巅峰榜·流行指数', '巅峰榜·新歌']"
姜云升,3,0,,3,"['巅峰榜·新歌', '巅峰榜·内地']"
姚语桐,1,0,,1,"['巅峰榜·流行指数', '巅峰榜·新歌']"
姚琛,4,0,,3,"['巅峰榜·流行指数', '巅峰榜·新歌']"
姚晓棠/白小白,1,0,,1,"['巅峰榜·热歌', '巅峰榜·流行指数']"
姚晓棠/家家,1,0,,1,['巅峰榜·流行指数']
孟子坤/马也_Crabbit/WYAN王毓千,1,0,,1,['巅峰榜·内地']
孟子义/李昀锐,1,0,,1,['巅峰榜·新歌']
孟佳,1,0,,1,['巅峰榜·新歌']
孙鹏凯,1,0,,1,['巅峰榜·流行指数']
孙盛希,2,0,,2,"['巅峰榜·热歌', '巅峰榜·内地']"
孙燕窝,1,0,,1,['巅峰榜·流行指数']
孙燕姿,3,0,,14,"['巅峰榜·热歌', '巅峰榜·流行指数']"
孙毅然,1,0,,1,['巅峰榜·新歌']
孙楠/韩红/黄绮珊/古巨基,1,0,,1,"['巅峰榜·热歌', '巅峰榜·流行指数']"
孙楠/周深,1,0,,1,"['巅峰榜·流行指数', '巅峰榜·新歌']"
孙楠,2,0,,2,"['巅峰榜·热歌', '巅峰榜·流行指数', '巅峰榜·新歌']"
孙晨,1,0,,1,['巅峰榜·流行指数']
孙小雅,1,0,,1,['巅峰榜·新歌']
孙宁侠,1,0,,1,['巅峰榜·内地']
孙子涵,1,0,,1,"['巅峰榜·热歌', '巅峰榜·流行指数']"
孙北玄Bay,1,0,,1,['巅峰榜·新歌']
宋倩,1,0,,1,"['巅峰榜·流行指数', '巅峰榜·新歌']"
宋亚轩/容祖儿,1,0,,1,['巅峰榜·流行指数']
宋亚轩,3,0,,3,"['巅峰榜·热歌', '巅峰榜·流行指数', '巅峰榜·新歌']"
安藤裕子 (あんどう ゆうこ),1,0,,1,['巅峰榜·新歌']
安扬,2,0,,2,['巅峰榜·内地']
安娜其,1,0,,1,['巅峰榜·内地']
安妮酱,1,0,,1,"['巅峰榜·流行指数', '巅峰榜·新歌']"
安可Anko,1,0,,1,['巅峰榜·新歌']
安又琪/金子涵,1,0,,1,['巅峰榜·流行指数']
安儿陈,1,0,,1,"['巅峰榜·流行指数', '巅峰榜·新歌']"
宇谦Rain,3,0,,3,['巅峰榜·内地']
宇宙人,1,0,,1,['巅峰榜·内地']
孤独的利里,1,0,,1,['巅峰榜·内地']
孟美岐,1,0,,1,"['巅峰榜·流行指数', '巅峰榜·新歌']"
孟维来,2,0,,3,"['巅峰榜·热歌', '巅峰榜·流行指数', '巅峰榜·新歌']"
孟慧圆,2,0,,2,['巅峰榜·内地']
宿羽阳,3,0,,3,"['巅峰榜·新歌', '巅峰榜·内地']"
容祖儿/王赫野,1,0,,1,['巅峰榜·流行指数']
容祖儿,3,0,,7,"['巅峰榜·热歌', '巅峰榜·流行指数', '巅峰榜·新歌']"
家家,1,0,,3,"['巅峰榜·热歌', '巅峰榜·流行指数']"
家卫老师,1,0,,1,['巅峰榜·新歌']
宣美 (선미),2,0,,1,"['巅峰榜·流行指数', '巅峰榜·新歌']"
宝石Gem/一哩哩一,1,0,,3,"['巅峰榜·热歌', '巅峰榜·内地']"
宝石Gem,1,0,,1,['巅峰榜·内地']
宗文李晋,1,0,,1,['巅峰榜·新歌']
完美倒立,1,0,,1,['巅峰榜·内地']
宋雨琦 (YUQI) (우기)/穿越火线手游,1,0,,1,['巅峰榜·热歌']
宋雨琦 (YUQI) (우기),1,0,,2,"['巅峰榜·热歌', '巅峰榜·流行指数', '巅峰榜·新歌']"
宋茜,1,0,,1,['巅峰榜·流行指数']
宋盐球,1,0,,1,['巅峰榜·新歌']
宋瑀哲,3,0,,3,"['巅峰榜·流行指数', '巅峰榜·内地']"
宋牧然,1,0,,1,['巅峰榜·内地']
小田音乐社/傲七爷(江偌绮),1,0,,1,['巅峰榜·流行指数']
小璐,2,0,,2,"['巅峰榜·流行指数', '巅峰榜·新歌']"
小洲,3,0,,4,"['巅峰榜·热歌', '巅峰榜·流行指数', '巅峰榜·新歌']"
小沈阳/沈春阳,1,0,,1,['巅峰榜·流行指数']
小曲儿,2,0,,2,"['巅峰榜·流行指数', '巅峰榜·新歌', '巅峰榜·内地']"
小春Kenzy/张震岳,1,0,,1,['巅峰榜·内地']
小星星乐队-小星星xx,1,0,,1,['巅峰榜·内地']
小山,1,0,,1,['巅峰榜·流行指数']
小咪/cici_,1,0,,1,['巅峰榜·内地']
小咪,2,0,,2,"['巅峰榜·热歌', '巅峰榜·内地']"
小叮当X-DoubleD,1,0,,1,['巅峰榜·内地']
小京东,1,0,,1,['巅峰榜·新歌']
小云朵呀,1,0,,1,"['巅峰榜·流行指数', '巅峰榜·新歌']"
小乐哥（王唯乐）,3,0,,3,"['巅峰榜·热歌', '巅峰榜·流行指数', '巅峰榜·新歌']"
寻人启事The Wanted,1,0,,1,['巅峰榜·内地']
对角巷乐队,1,0,,1,['巅峰榜·内地']
小鬼阿秋,3,0,,3,"['巅峰榜·流行指数', '巅峰榜·新歌']"
小高同学,2,0,,2,['巅峰榜·内地']
小霞/海洋Bo,1,0,,2,"['巅峰榜·热歌', '巅峰榜·流行指数', '巅峰榜·新歌']"
小阿枫,4,0,,3,"['巅峰榜·流行指数', '巅峰榜·新歌']"
小阿七,4,0,,7,"['巅峰榜·热歌', '巅峰榜·流行指数', '巅峰榜·新歌']"
小野来了,1,0,,1,['巅峰榜·新歌']
小酷Coola,1,0,,1,['巅峰榜·内地']
小贱/星弟,1,0,,1,['巅峰榜·流行指数']
小蓝背心,4,0,,2,"['巅峰榜·流行指数', '巅峰榜·新歌']"
小艾同学,1,0,,1,['巅峰榜·新歌']
小羊,1,0,,1,['巅峰榜·内地']
小精灵/法老/早安,1,0,,1,['巅峰榜·流行指数']
小石头和孩子们/王一菲,1,0,,1,['巅峰榜·新歌']
小皓,1,0,,1,['巅峰榜·新歌']
小白受,1,0,,1,['巅峰榜·流行指数']
小田音乐社/尹昔眠,2,0,,2,['巅峰榜·流行指数']
山岛野子,1,0,,1,['巅峰榜·新歌']
屠洪刚,1,0,,1,['巅峰榜·流行指数']
尹露浠,2,0,,1,"['巅峰榜·流行指数', '巅峰榜·新歌']"
尹艺霏,1,0,,1,"['巅峰榜·流行指数', '巅峰榜·新歌']"
尹美莱 (윤미래)/Tiger JK/Bizzy (비지),1,0,,1,['巅峰榜·热歌']
尹浩宇Patrick,1,0,,1,"['巅峰榜·流行指数', '巅峰榜·新歌']"
尹昔眠/小田音乐社,2,0,,2,"['巅峰榜·流行指数', '巅峰榜·新歌']"
尹昔眠,4,0,,4,"['巅峰榜·流行指数', '巅峰榜·新歌']"
就是南方凯,5,0,,5,"['巅峰榜·热歌', '巅峰榜·流行指数', '巅峰榜·新歌']"
尤里卡,1,0,,1,['巅峰榜·流行指数']
尤起胜,1,0,,1,['巅峰榜·新歌']
尚辰,1,0,,1,"['巅峰榜·流行指数', '巅峰榜·新歌']"
尚芸菲,1,0,,1,['巅峰榜·内地']
尚士达,3,0,,3,"['巅峰榜·新歌', '巅峰榜·内地']"
尔尼,1,0,,1,['巅峰榜·内地']
少女时代-Oh! GG (소녀시대-오!지지),1,0,,1,['巅峰榜·新歌']
巫里堡堡,1,0,,1,"['巅峰榜·流行指数', '巅峰榜·新歌']"
巧克力,1,0,,1,['巅峰榜·流行指数']
左良甫,1,0,,1,['巅峰榜·内地']
左耳音乐,1,0,,1,['巅峰榜·新歌']
左溢,1,0,,1,['巅峰榜·内地']
川青/Morerare,1,0,,1,['巅峰榜·流行指数']
川川南,1,0,,1,"['巅峰榜·热歌', '巅峰榜·流行指数']"
崔阿扎,1,0,,1,['巅峰榜·新歌']
崔子格,1,0,,1,['巅峰榜·流行指数']
崔天琪,1,0,,1,['巅峰榜·新歌']
崔君芝/潘虹/中国潮音,1,0,,1,['巅峰榜·流行指数']
崔一乔,1,0,,1,['巅峰榜·内地']
岳云鹏,1,0,,2,"['巅峰榜·热歌', '巅峰榜·流行指数']"
岩贵,1,0,,1,['巅峰榜·新歌']
岛屿心情,1,0,,1,['巅峰榜·内地']
山月橘,1,0,,1,['巅峰榜·流行指数']
庾澄庆/Mike 曾比特,1,0,,1,['巅峰榜·流行指数']
康姆士乐团/乃万NINEONE,1,0,,1,['巅峰榜·内地']
庞晓宇,1,0,,1,['巅峰榜·流行指数']
应嘉俐/嘭心,1,0,,1,['巅峰榜·流行指数']
庄淇玟29,1,0,,1,"['巅峰榜·流行指数', '巅峰榜·新歌']"
庄心妍,3,0,,5,"['巅峰榜·热歌', '巅峰榜·流行指数', '巅峰榜·新歌']"
庄东茹,9,0,,6,"['巅峰榜·流行指数', '巅峰榜·新歌']"
幸儿ECHASL,3,0,,3,['巅峰榜·内地']
平凡兄弟,1,0,,1,['巅峰榜·新歌']
常超凡,1,0,,1,['巅峰榜·新歌']
希林娜依高,9,0,,5,"['巅峰榜·流行指数', '巅峰榜·新歌']"
希希,1,0,,1,['巅峰榜·流行指数']
布瑞吉Bridge/和平精英,1,0,,1,['巅峰榜·内地']
布瑞吉Bridge/Jony J,1,0,,1,['巅峰榜·新歌']
巴音汗,1,0,,1,['巅峰榜·内地']
巴扎黑,1,0,,1,['巅峰榜·热歌']
张叶蕾/廉书宇,1,0,,1,['巅峰榜·内地']
张叶蕾,3,0,,3,"['巅峰榜·热歌', '巅峰榜·流行指数', '巅峰榜·内地']"
张叔公emo了,1,0,,1,['巅峰榜·新歌']
张力尹,1,0,,1,"['巅峰榜·热歌', '巅峰榜·流行指数', '巅峰榜·新歌']"
张信哲,6,0,,1,"['巅峰榜·热歌', '巅峰榜·流行指数']"
张佳怡Ony,1,0,,1,['巅峰榜·内地']
张亦赤,1,0,,1,['巅峰榜·内地']
张云雷,6,0,,5,"['巅峰榜·热歌', '巅峰榜·流行指数', '巅峰榜·新歌']"
张三弥,1,0,,1,['巅峰榜·内地']
张三七,1,0,,1,['巅峰榜·内地']
弗兰奇/秋姐,1,0,,1,['巅峰榜·新歌']
弋川/陈奕楠/冢杉男二Ner.,1,0,,1,['巅峰榜·新歌']
弋川/王樾安,1,0,,1,['巅峰榜·新歌']
弋川,1,0,,1,"['巅峰榜·流行指数', '巅峰榜·新歌']"
延子,1,0,,1,['巅峰榜·新歌']
廖乐明(LAK),1,0,,1,['巅峰榜·内地']
张峻豪SHUN,1,0,,1,"['巅峰榜·流行指数', '巅峰榜·新歌']"
张尕怂,1,0,,1,['巅峰榜·内地']
张小花,1,0,,1,['巅峰榜·新歌']
张小九,1,0,,1,['巅峰榜·内地']
张家旺/悦开心,1,0,,1,['巅峰榜·新歌']
张家旺,2,0,,2,"['巅峰榜·流行指数', '巅峰榜·新歌']"
张宇佳,1,0,,1,['巅峰榜·流行指数']
张学友,1,0,,1,['巅峰榜·流行指数']
张子枫,1,0,,1,['巅峰榜·流行指数']
张妙格/LuluSweety,1,0,,1,"['巅峰榜·流行指数', '巅峰榜·新歌']"
张妙格,4,0,,4,"['巅峰榜·热歌', '巅峰榜·新歌']"
张天枢/ZIK/費奈爾蘭德,1,0,,1,['巅峰榜·内地']
张嘉元/井汲大翔 (HIROTO)/利路修/谢兴阳,1,0,,1,"['巅峰榜·流行指数', '巅峰榜·新歌']"
张哲瀚/希林娜依高,1,0,,1,"['巅峰榜·流行指数', '巅峰榜·新歌']"
张哲瀚,1,0,,1,['巅峰榜·新歌']
张同学,1,0,,1,['巅峰榜·新歌']
张璐诗Lucy Cheung,1,0,,1,['巅峰榜·内地']
张瑶,1,0,,1,['巅峰榜·新歌']
张潇鉴,1,0,,1,['巅峰榜·新歌']
张浅潜,1,0,,1,['巅峰榜·内地']
张洛一,1,0,,1,['巅峰榜·新歌']
张沐宸ChenZ/凌阿凌Alin,1,0,,1,['巅峰榜·内地']
张楚,2,0,,2,['巅峰榜·内地']
张杰/刘润潼,1,0,,1,['巅峰榜·新歌']
张杰/HOYO-MiX,1,0,,1,"['巅峰榜·热歌', '巅峰榜·流行指数', '巅峰榜·新歌']"
张杰,8,0,,16,"['巅峰榜·热歌', '巅峰榜·流行指数', '巅峰榜·新歌']"
张智焓/贾一娢,1,0,,1,['巅峰榜·内地']
张星特,1,0,,1,['巅峰榜·新歌']
张新成,1,0,,1,['巅峰榜·新歌']
张敬轩,2,0,,2,"['巅峰榜·热歌', '巅峰榜·流行指数']"
张惠妹,1,0,,1,"['巅峰榜·流行指数', '巅峰榜·新歌']"
张德伊玲,1,0,,1,['巅峰榜·流行指数']
张若昀,1,0,,1,"['巅峰榜·流行指数', '巅峰榜·新歌']"
张芸京,1,0,,14,"['巅峰榜·热歌', '巅峰榜·流行指数']"
张艺迈,1,0,,1,"['巅峰榜·流行指数', '巅峰榜·新歌']"
张艺兴/成龙/金喜善 (김희선),1,0,,1,"['巅峰榜·热歌', '巅峰榜·流行指数', '巅峰榜·新歌']"
张艺兴/刘宇宁,1,0,,1,"['巅峰榜·流行指数', '巅峰榜·新歌']"
张艺兴,8,0,,7,"['巅峰榜·热歌', '巅峰榜·流行指数', '巅峰榜·新歌']"
张良,2,0,,1,"['巅峰榜·流行指数', '巅峰榜·新歌']"
张羽涵Leezi,2,0,,2,"['巅峰榜·新歌', '巅峰榜·内地']"
张紫豪,1,0,,10,"['巅峰榜·热歌', '巅峰榜·流行指数']"
张紫宁,2,0,,2,"['巅峰榜·流行指数', '巅峰榜·新歌']"
张筛子,1,0,,1,"['巅峰榜·流行指数', '巅峰榜·新歌']"
张磊Ze,1,0,,1,['巅峰榜·内地']
张碧晨/李承铉,1,0,,1,"['巅峰榜·热歌', '巅峰榜·流行指数']"
张碧晨,12,0,,14,"['巅峰榜·热歌', '巅峰榜·流行指数', '巅峰榜·新歌']"
张真源/严浩翔,1,0,,1,['巅峰榜·新歌']
张真源,1,0,,1,['巅峰榜·新歌']
张颜齐/Stephanie Poetri/Elephante,1,0,,1,['巅峰榜·内地']
张颜齐,2,0,,2,['巅峰榜·内地']
张韶涵/王赫野,1,0,,1,['巅峰榜·热歌']
张韶涵,7,0,,7,"['巅峰榜·热歌', '巅峰榜·流行指数', '巅峰榜·新歌']"
张静汶,1,0,,1,['巅峰榜·新歌']
张靓颖/陈冰,1,0,,1,['巅峰榜·流行指数']
张靓颖/赵磊,1,0,,1,['巅峰榜·流行指数']
张靓颖,7,0,,8,"['巅峰榜·热歌', '巅峰榜·流行指数', '巅峰榜·新歌']"
张震岳/蔡健雅,1,0,,1,['巅峰榜·流行指数']
张震岳,1,0,,1,"['巅峰榜·流行指数', '巅峰榜·新歌']"
张雨农,1,0,,1,['巅峰榜·内地']
张雅舒,1,0,,1,['巅峰榜·流行指数']
张郁梓,1,0,,1,['巅峰榜·新歌']
张远,7,0,,8,"['巅峰榜·热歌', '巅峰榜·流行指数', '巅峰榜·新歌']"
张茜（张惜淇）/半吨兄弟,1,0,,1,"['巅峰榜·热歌', '巅峰榜·流行指数']"
张茜（张惜淇）,7,0,,6,"['巅峰榜·热歌', '巅峰榜·流行指数', '巅峰榜·新歌']"
徐千雅,1,0,,1,['巅峰榜·流行指数']
徐俊雅,2,0,,1,"['巅峰榜·热歌', '巅峰榜·新歌']"
徐佳莹,5,0,,9,"['巅峰榜·热歌', '巅峰榜·流行指数', '巅峰榜·新歌']"
徐且慢/田浩文,1,0,,1,"['巅峰榜·流行指数', '巅峰榜·新歌']"
徐17,1,0,,1,['巅峰榜·内地']
彼得与鲸/刘羽晨,1,0,,1,['巅峰榜·内地']
彭钧,1,0,,1,['巅峰榜·内地']
彭沛绮,1,0,,1,"['巅峰榜·流行指数', '巅峰榜·新歌']"
彭小胖,1,0,,1,['巅峰榜·流行指数']
彭宇昕Chloe,1,0,,1,['巅峰榜·新歌']
彭双捷/郑力铭/Nov.偶尔/周宣绮,1,0,,1,['巅峰榜·内地']
彤大王,1,0,,1,['巅峰榜·流行指数']
弹棉花的小花,4,0,,3,"['巅峰榜·流行指数', '巅峰榜·新歌']"
弱水WeakWaves,1,0,,1,['巅峰榜·内地']
弦子,2,0,,2,"['巅峰榜·流行指数', '巅峰榜·新歌']"
张齐山,4,0,,4,"['巅峰榜·热歌', '巅峰榜·流行指数', '巅峰榜·新歌']"
恋与深空/张韶涵,1,0,,1,"['巅峰榜·流行指数', '巅峰榜·新歌']"
怪阿姨,1,0,,1,['巅峰榜·流行指数']
怪小叔,1,0,,1,['巅峰榜·新歌']
忘插电的猫,1,0,,1,['巅峰榜·内地']
微光_ShimmerStudio/朱苓,1,0,,1,['巅峰榜·内地']
徐良/小凌,1,0,,2,"['巅峰榜·热歌', '巅峰榜·流行指数']"
徐良,2,0,,2,"['巅峰榜·热歌', '巅峰榜·流行指数', '巅峰榜·新歌']"
徐紫茵,1,0,,1,['巅峰榜·新歌']
徐秉龙,3,0,,3,['巅峰榜·内地']
徐碧珩,1,0,,1,['巅峰榜·内地']
徐海俏,1,0,,1,['巅峰榜·内地']
徐泽（要不要买菜）,2,0,,2,"['巅峰榜·流行指数', '巅峰榜·内地']"
徐梦圆/step.jad依加,1,0,,1,['巅峰榜·内地']
徐明浩/GALI,1,0,,1,['巅峰榜·热歌']
徐小凤,2,0,,1,['巅峰榜·流行指数']
徐子未,1,0,,1,['巅峰榜·新歌']
战学文,1,0,,1,['巅峰榜·新歌']
我杀猪了 (何浪Ciel),1,0,,1,['巅峰榜·新歌']
我们爱过就好,1,0,,1,['巅峰榜·流行指数']
我们俩,1,0,,1,['巅峰榜·内地']
慧慧子呀,1,0,,1,['巅峰榜·新歌']
慢热的气球,2,0,,1,"['巅峰榜·流行指数', '巅峰榜·新歌']"
慕斯塔法,1,0,,1,['巅峰榜·内地']
慕容晓晓,1,0,,1,['巅峰榜·新歌']
慌慌不慌,1,0,,1,['巅峰榜·流行指数']
愚青/李雨,1,0,,1,['巅峰榜·内地']
愚月FoolMoon,1,0,,1,['巅峰榜·内地']
悲伤玩具,2,0,,2,['巅峰榜·内地']
悦开心,2,0,,2,"['巅峰榜·流行指数', '巅峰榜·新歌']"
恰恰恰恰恰,3,0,,1,"['巅峰榜·流行指数', '巅峰榜·新歌']"
恩星,1,0,,1,['巅峰榜·新歌']
恋特特,2,0,,2,['巅峰榜·新歌']
指尖笑,3,0,,4,"['巅峰榜·热歌', '巅峰榜·流行指数', '巅峰榜·新歌', '巅峰榜·内地']"
持修,1,0,,1,['巅峰榜·内地']
拾贰,1,0,,1,['巅峰榜·流行指数']
拾柒兄弟,1,0,,1,['巅峰榜·新歌']
抿抿甜,1,0,,1,['巅峰榜·流行指数']
抠抠,1,0,,1,['巅峰榜·新歌']
承桓/曲肖冰,1,0,,1,['巅峰榜·新歌']
承桓,4,0,,8,"['巅峰榜·热歌', '巅峰榜·流行指数', '巅峰榜·新歌']"
打扰一下乐团,2,0,,2,['巅峰榜·内地']
房秋琪,1,0,,1,['巅峰榜·内地']
房东的猫,9,0,,9,"['巅峰榜·流行指数', '巅峰榜·新歌', '巅峰榜·内地']"
戾格,1,0,,1,"['巅峰榜·流行指数', '巅峰榜·新歌']"
戴羽彤,9,0,,6,"['巅峰榜·流行指数', '巅峰榜·新歌']"
戴佩妮,1,0,,1,"['巅峰榜·流行指数', '巅峰榜·新歌']"
戚薇,1,0,,4,"['巅峰榜·热歌', '巅峰榜·流行指数']"
戚琦,1,0,,1,['巅峰榜·新歌']
新娘危机BridesCrisis,1,0,,1,['巅峰榜·内地']
新地/张奶奶/王极,1,0,,1,"['巅峰榜·新歌', '巅峰榜·内地']"
新地/卢克,1,0,,1,['巅峰榜·流行指数']
新地,4,0,,4,"['巅峰榜·流行指数', '巅峰榜·新歌', '巅峰榜·内地']"
新乐府/孙晓安,1,0,,1,['巅峰榜·流行指数']
斯威特Sweet/沙一汀EL/W8VES,1,0,,1,['巅峰榜·新歌']
斑马森林,1,0,,2,"['巅峰榜·热歌', '巅峰榜·流行指数']"
斑比Bambii/FEEEleven/Kc/RaCie,1,0,,1,['巅峰榜·内地']
文夫,4,0,,5,"['巅峰榜·热歌', '巅峰榜·流行指数', '巅峰榜·新歌']"
散人TR,1,0,,1,['巅峰榜·新歌']
撬锁老羊LeO,1,0,,1,['巅峰榜·内地']
搁浅的鱼.,1,0,,1,['巅峰榜·新歌']
提高湖Sey,1,0,,1,['巅峰榜·内地']
提里库姆Tilikum,1,0,,1,['巅峰榜·内地']
提线木偶,1,0,,1,['巅峰榜·新歌']
挽鹤-Remix,1,0,,1,['巅峰榜·新歌']
旅行新蜜蜂,1,0,,1,['巅峰榜·新歌']
旅行团乐队/贾可意/党艾妮/李雨宸,1,0,,1,['巅峰榜·内地']
旅行团乐队,1,0,,1,['巅峰榜·内地']
施鑫文月,2,0,,2,['巅峰榜·内地']
施泽立业Richshi/李懋懋呀,1,0,,1,['巅峰榜·内地']
施安妮AnnyShi,1,0,,1,"['巅峰榜·流行指数', '巅峰榜·新歌']"
方雅贤,1,0,,1,['巅峰榜·流行指数']
方畅,1,0,,1,"['巅峰榜·流行指数', '巅峰榜·新歌']"
方大树/灯叔,1,0,,1,"['巅峰榜·流行指数', '巅峰榜·新歌']"
方大树,2,0,,2,"['巅峰榜·流行指数', '巅峰榜·新歌']"
方大同,3,0,,9,"['巅峰榜·热歌', '巅峰榜·流行指数']"
方三俊/洪晶晶,1,0,,1,['巅峰榜·内地']
新裤子,1,0,,1,['巅峰榜·内地']
新街口组合/Mona Lavi,2,0,,2,['巅峰榜·内地']
新学校合唱团,1,0,,1,['巅峰榜·内地']
新娘危机BridesCrisis/法线干扰乐队,1,0,,1,['巅峰榜·内地']
明慧,1,0,,1,['巅峰榜·流行指数']
明天周六,2,0,,2,['巅峰榜·内地']
旺仔小乔,13,0,,7,"['巅峰榜·流行指数', '巅峰榜·新歌']"
旺仔小Q,1,0,,1,['巅峰榜·流行指数']
旷骏祥,2,0,,2,['巅峰榜·内地']
时间VANESSA,3,0,,3,['巅峰榜·内地']
时过夏末,1,0,,1,['巅峰榜·内地']
时光胶囊,2,0,,2,['巅峰榜·内地']
时代少年团,8,0,,6,"['巅峰榜·热歌', '巅峰榜·流行指数', '巅峰榜·新歌']"
早晚晚,1,0,,1,"['巅峰榜·流行指数', '巅峰榜·新歌']"
早安,1,0,,1,['巅峰榜·内地']
无脸男葫芦,1,0,,1,['巅峰榜·流行指数']
无法拒绝汉堡/EEEGO,1,0,,1,"['巅峰榜·流行指数', '巅峰榜·新歌', '巅峰榜·内地']"
无法拒绝汉堡/Dr.Free,1,0,,1,['巅峰榜·内地']
无名姐（路宝）,1,0,,1,"['巅峰榜·流行指数', '巅峰榜·新歌']"
旋转公寓乐队,1,0,,1,['巅峰榜·内地']
曹格,1,0,,1,"['巅峰榜·热歌', '巅峰榜·流行指数']"
曹杨/吴映洁,1,0,,1,['巅峰榜·新歌']
曹一阳,1,0,,1,['巅峰榜·新歌']
曲肖冰/林贝贝,1,0,,1,['巅峰榜·新歌']
曲肖冰,5,0,,7,"['巅峰榜·热歌', '巅峰榜·流行指数', '巅峰榜·新歌']"
曲甲/-艾兜,1,0,,1,['巅峰榜·内地']
曲甲,1,0,,1,['巅峰榜·流行指数']
智慧baby,1,0,,1,['巅峰榜·新歌']
晚月moon/班班BAN,1,0,,1,['巅峰榜·新歌']
晚月moon,1,0,,1,['巅峰榜·新歌']
是小崔鸭,1,0,,1,"['巅峰榜·流行指数', '巅峰榜·新歌']"
是可乐鸭,1,0,,1,"['巅峰榜·流行指数', '巅峰榜·新歌']"
春和竹,1,0,,1,['巅峰榜·内地']
易烊千玺/王者荣耀,1,0,,1,['巅峰榜·新歌']
易烊千玺,2,0,,2,['巅峰榜·新歌']
明歌Mingo,1,0,,1,['巅峰榜·内地']
木焱辰/茗琬Trust,1,0,,1,['巅峰榜·新歌']
木小雅,1,0,,1,['巅峰榜·内地']
木子琪,1,0,,1,"['巅峰榜·流行指数', '巅峰榜·新歌']"
木子易,1,0,,1,['巅峰榜·流行指数']
望江晴,2,0,,2,"['巅峰榜·流行指数', '巅峰榜·内地']"
月亮归我了,1,0,,1,['巅峰榜·流行指数']
最强昌珉/太妍 (태연)/WINTER (윈터),1,0,,1,['巅峰榜·新歌']
曾雪雅,1,0,,1,['巅峰榜·内地']
曾舜晞,1,0,,1,['巅峰榜·新歌']
曾舒哲,1,0,,1,['巅峰榜·新歌']
曾涵江Cup/奥斯卡OZCARWANG/林墨/罗言,2,0,,1,"['巅峰榜·流行指数', '巅峰榜·新歌']"
曾可妮/都智文,1,0,,1,['巅峰榜·热歌']
曹雨航/朝歌夜弦,1,0,,2,"['巅峰榜·热歌', '巅峰榜·流行指数', '巅峰榜·新歌']"
曹雨航,1,0,,1,"['巅峰榜·流行指数', '巅峰榜·新歌']"
曹雅雯/壞特？te,1,0,,1,['巅峰榜·流行指数']
曹真铭,1,0,,1,['巅峰榜·内地']
李保森,1,0,,1,['巅峰榜·内地']
李俊毅JY,2,0,,2,['巅峰榜·内地']
李佳薇,2,0,,2,"['巅峰榜·流行指数', '巅峰榜·新歌']"
李京泽,1,0,,1,['巅峰榜·新歌']
李二萌,1,0,,1,['巅峰榜·新歌']
杉矶doublez,1,0,,1,['巅峰榜·内地']
朴树,1,0,,9,"['巅峰榜·热歌', '巅峰榜·流行指数']"
朴宰范 (Jay Park)/IU (아이유),1,0,,1,['巅峰榜·新歌']
朱雀计划,1,0,,1,['巅峰榜·内地']
朱星杰,2,0,,2,['巅峰榜·内地']
朱彦安/夏野Natsuno,1,0,,1,['巅峰榜·内地']
朱婧汐Akini Jing/Chace,1,0,,1,"['巅峰榜·流行指数', '巅峰榜·新歌', '巅峰榜·内地']"
朱婧汐Akini Jing,3,0,,3,"['巅峰榜·热歌', '巅峰榜·流行指数', '巅峰榜·内地']"
末小皮,1,0,,1,['巅峰榜·内地']
未来世乐队,2,0,,2,['巅峰榜·内地']
木秦,2,0,,2,['巅峰榜·内地']
李常超（Lao乾妈）/音频怪物/张承煜（小魂）/徐远书,1,0,,1,['巅峰榜·内地']
李岱昆/马闻远/孙浠伦/袁帅,1,0,,1,['巅峰榜·新歌']
李尖尖,1,0,,2,['巅峰榜·流行指数']
李小贝,1,0,,1,['巅峰榜·流行指数']
李宗盛,2,0,,2,['巅峰榜·流行指数']
李宇春,2,0,,3,"['巅峰榜·热歌', '巅峰榜·新歌']"
李大火,1,0,,1,['巅峰榜·新歌']
李在溪,1,0,,1,['巅峰榜·内地']
李国祥,1,0,,1,['巅峰榜·流行指数']
李嘉馨,1,0,,1,['巅峰榜·内地']
李嘉格/隔壁老樊_樊凯杰,1,0,,1,['巅峰榜·新歌']
李嘉嘉,1,0,,1,['巅峰榜·流行指数']
李发发,5,0,,3,"['巅峰榜·流行指数', '巅峰榜·新歌']"
李克勤/王赫野,1,0,,1,"['巅峰榜·流行指数', '巅峰榜·新歌']"
李克勤/周深,1,0,,1,['巅峰榜·流行指数']
李俞子,1,0,,1,['巅峰榜·新歌']
李桑野/乃万NINEONE,1,0,,1,"['巅峰榜·新歌', '巅峰榜·内地']"
李晚乔,1,0,,1,['巅峰榜·新歌']
李晗,1,0,,1,['巅峰榜·流行指数']
李晓,1,0,,1,['巅峰榜·流行指数']
李昶辉,1,0,,1,['巅峰榜·新歌']
李明德,1,0,,1,['巅峰榜·新歌']
李昊一,1,0,,1,['巅峰榜·内地']
李昊,2,0,,2,"['巅峰榜·流行指数', '巅峰榜·新歌']"
李昂星,1,0,,1,['巅峰榜·内地']
李斯丹妮/希林娜依高/说唱者联盟,1,0,,2,"['巅峰榜·流行指数', '巅峰榜·新歌']"
李懋懋呀/金羽銳Jindiyo,1,0,,1,['巅峰榜·内地']
李懋懋呀/永猩Nssus/1F,1,0,,1,['巅峰榜·内地']
李懋懋呀/1F,1,0,,1,['巅峰榜·内地']
李想家,2,0,,1,['巅峰榜·新歌']
李怡然同学,1,0,,1,['巅峰榜·热歌']
李德森,1,0,,1,['巅峰榜·内地']
李秉成,1,0,,2,"['巅峰榜·热歌', '巅峰榜·流行指数']"
李白.,1,0,,1,['巅峰榜·流行指数']
李玖哲,1,0,,5,"['巅峰榜·热歌', '巅峰榜·流行指数']"
李玉刚/国风新语,1,0,,1,['巅峰榜·新歌']
李玉刚,2,0,,3,"['巅峰榜·流行指数', '巅峰榜·新歌']"
李润祺,2,0,,4,"['巅峰榜·流行指数', '巅峰榜·新歌']"
李浩然,1,0,,1,['巅峰榜·新歌']
李浩文(mc暴徒)/小法,1,0,,1,['巅峰榜·内地']
李泽轩,1,0,,1,['巅峰榜·新歌']
李泳知 (이영지)/pH-1,1,0,,1,['巅峰榜·新歌']
李泳知 (이영지)/D.O. (都暻秀),1,0,,1,"['巅峰榜·热歌', '巅峰榜·流行指数', '巅峰榜·新歌']"
李泳璇（阿璇）,1,0,,1,['巅峰榜·新歌']
李治廷/单依纯,1,0,,1,['巅峰榜·新歌']
李沫非/吉拉石林,1,0,,1,"['巅峰榜·流行指数', '巅峰榜·新歌']"
李沐籽,1,0,,1,['巅峰榜·内地']
李汶翰,1,0,,1,['巅峰榜·新歌']
李雨婷,1,0,,1,['巅峰榜·新歌']
李雨,1,0,,1,['巅峰榜·内地']
李钦/罗一舟/唐九洲/汪佳辰,1,0,,1,['巅峰榜·流行指数']
李遐怡 (LeeHi)/Crush (크러쉬),1,0,,1,['巅峰榜·新歌']
李遐怡 (LeeHi)/B.I (金韩彬),1,0,,1,['巅峰榜·新歌']
李认针,1,0,,1,['巅峰榜·内地']
李袁杰/清水er,1,0,,1,"['巅峰榜·流行指数', '巅峰榜·新歌']"
李袁杰,1,0,,1,['巅峰榜·流行指数']
李行亮,1,0,,1,"['巅峰榜·流行指数', '巅峰榜·新歌']"
李蕊儿,2,0,,2,"['巅峰榜·流行指数', '巅峰榜·新歌']"
李萌哲,1,0,,1,['巅峰榜·内地']
李荣浩/张惠妹,1,0,,1,['巅峰榜·新歌']
李荣浩,10,0,,10,"['巅峰榜·热歌', '巅峰榜·流行指数', '巅峰榜·新歌']"
李耕耘,1,0,,1,"['巅峰榜·流行指数', '巅峰榜·新歌']"
李耀阳,1,0,,1,['巅峰榜·流行指数']
李立丰,2,0,,2,"['巅峰榜·流行指数', '巅峰榜·新歌']"
杨和苏KeyNG/卫彬月,1,0,,1,['巅峰榜·内地']
杨友友,1,0,,1,['巅峰榜·流行指数']
杨博然,5,0,,3,"['巅峰榜·热歌', '巅峰榜·流行指数', '巅峰榜·新歌']"
杨千嬅/周笔畅,1,0,,1,['巅峰榜·流行指数']
杨千嬅/任贤齐,1,0,,1,['巅峰榜·流行指数']
杨千嬅,3,0,,5,"['巅峰榜·热歌', '巅峰榜·流行指数', '巅峰榜·新歌']"
杨乃文,1,0,,1,['巅峰榜·热歌']
杨丞琳/张碧晨,1,0,,1,['巅峰榜·流行指数']
杨丞琳,4,0,,11,"['巅峰榜·热歌', '巅峰榜·流行指数', '巅峰榜·新歌']"
杨不乖,3,0,,2,"['巅峰榜·流行指数', '巅峰榜·新歌']"
来一碗老于,2,0,,3,"['巅峰榜·流行指数', '巅峰榜·新歌']"
杜宣达,4,0,,7,"['巅峰榜·热歌', '巅峰榜·流行指数', '巅峰榜·新歌']"
李飘飘,3,0,,3,['巅峰榜·新歌']
李霄云,1,0,,1,['巅峰榜·内地']
李雪萌/LvJam橙,1,0,,1,['巅峰榜·新歌']
李雨霏,1,0,,1,['巅峰榜·流行指数']
杨紫/肖战,1,0,,1,['巅峰榜·流行指数']
杨紫,1,0,,1,['巅峰榜·新歌']
杨瑜婷/明瀚文Koppo,1,0,,1,"['巅峰榜·流行指数', '巅峰榜·新歌']"
杨瑜婷,4,0,,2,"['巅峰榜·流行指数', '巅峰榜·新歌']"
杨泰瑞,1,0,,1,['巅峰榜·内地']
杨树人,3,0,,2,"['巅峰榜·流行指数', '巅峰榜·新歌']"
杨朵,1,0,,1,['巅峰榜·新歌']
杨彦好,1,0,,1,['巅峰榜·新歌']
杨宝心,1,0,,1,"['巅峰榜·流行指数', '巅峰榜·新歌']"
杨宗纬/杨和苏KeyNG,1,0,,1,['巅峰榜·流行指数']
杨宗纬/宝石Gem/王宇宙Leto,1,0,,2,['巅峰榜·热歌']
杨宗纬,1,0,,2,['巅峰榜·热歌']
杨培安,1,0,,1,['巅峰榜·热歌']
杨坤/郭采洁,1,0,,1,['巅峰榜·流行指数']
杨坤/希林娜依高,1,0,,1,['巅峰榜·流行指数']
杨坤,1,0,,1,"['巅峰榜·流行指数', '巅峰榜·新歌']"
林子琪/超级佩璞,1,0,,1,['巅峰榜·内地']
林妍君Crystal16,1,0,,1,['巅峰榜·新歌']
林墨/陈俊洁/张腾/张嘉元,1,0,,1,['巅峰榜·新歌']
林墨/孙亦航,1,0,,1,['巅峰榜·新歌']
林倛玉,2,0,,1,['巅峰榜·流行指数']
林俊杰,30,0,,18,"['巅峰榜·热歌', '巅峰榜·流行指数', '巅峰榜·新歌']"
林侧,1,0,,1,['巅峰榜·内地']
林依晨,2,0,,1,"['巅峰榜·热歌', '巅峰榜·流行指数']"
林三七,2,0,,1,"['巅峰榜·流行指数', '巅峰榜·新歌']"
松紧先生 李宗锦,1,0,,1,['巅峰榜·内地']
杰夫李Jeffrey,1,0,,1,['巅峰榜·流行指数']
杨默依Moi/Vicky宣宣,1,0,,1,"['巅峰榜·流行指数', '巅峰榜·新歌']"
杨默依Moi,2,0,,2,"['巅峰榜·流行指数', '巅峰榜·新歌', '巅峰榜·内地']"
杨雯梓,1,0,,1,"['巅峰榜·流行指数', '巅峰榜·新歌']"
杨红wurendejie,1,0,,1,['巅峰榜·内地']
杨紫沁,1,0,,1,['巅峰榜·内地']
林震Linz,1,0,,1,['巅峰榜·内地']
林雪儿,1,0,,1,"['巅峰榜·流行指数', '巅峰榜·新歌']"
林秋时,3,0,,2,['巅峰榜·新歌']
林晨阳,2,0,,2,"['巅峰榜·流行指数', '巅峰榜·新歌']"
林怡婕,2,0,,2,"['巅峰榜·流行指数', '巅峰榜·新歌']"
林思欣,1,0,,1,['巅峰榜·流行指数']
林志炫,1,0,,1,['巅峰榜·流行指数']
林忆莲,1,0,,3,"['巅峰榜·热歌', '巅峰榜·流行指数']"
林彦俊,2,0,,2,"['巅峰榜·流行指数', '巅峰榜·新歌']"
林小珂,1,0,,1,['巅峰榜·新歌']
林家谦,3,0,,3,['巅峰榜·内地']
林宥嘉,3,0,,4,"['巅峰榜·热歌', '巅峰榜·新歌']"
林宝馨,1,0,,1,"['巅峰榜·流行指数', '巅峰榜·新歌']"
林宁,1,0,,2,['巅峰榜·热歌']
林子祥/谭咏麟/叶蒨文/李克勤,1,0,,1,['巅峰榜·流行指数']
林子祥,1,0,,1,"['巅峰榜·热歌', '巅峰榜·流行指数']"
树泽,1,0,,1,"['巅峰榜·热歌', '巅峰榜·流行指数']"
树哥,1,0,,1,"['巅峰榜·流行指数', '巅峰榜·新歌']"
柳爽,1,0,,3,"['巅峰榜·热歌', '巅峰榜·流行指数', '巅峰榜·内地']"
柯较瘦,1,0,,1,"['巅峰榜·流行指数', '巅峰榜·新歌']"
柯柯柯啊/万垒,1,0,,1,['巅峰榜·新歌']
柯柯柯啊,7,0,,7,"['巅峰榜·热歌', '巅峰榜·流行指数', '巅峰榜·新歌']"
柯宇（孙泽耀）,1,0,,1,['巅峰榜·新歌']
柯子颜,1,0,,1,['巅峰榜·新歌']
查航,1,0,,1,['巅峰榜·内地']
查漓芸,1,0,,1,"['巅峰榜·流行指数', '巅峰榜·新歌']"
染色体全员,1,0,,1,['巅峰榜·新歌']
柒月/AIK,1,0,,1,['巅峰榜·新歌']
柏香果吖,1,0,,1,"['巅峰榜·热歌', '巅峰榜·流行指数']"
枯木逢春/尚士达,1,0,,1,['巅峰榜·内地']
枯木逢春,2,0,,2,['巅峰榜·内地']
林韵乔,1,0,,1,"['巅峰榜·流行指数', '巅峰榜·新歌']"
梓渝,5,0,,2,"['巅峰榜·热歌', '巅峰榜·流行指数', '巅峰榜·新歌']"
梓乔先生,1,0,,1,['巅峰榜·新歌']
梅洛嘉,1,0,,1,['巅峰榜·内地']
梅朵,1,0,,1,['巅峰榜·新歌']
梁静茹/严爵,1,0,,1,['巅峰榜·流行指数']
梁静茹,4,0,,7,"['巅峰榜·热歌', '巅峰榜·流行指数']"
梁铭琛,2,0,,2,['巅峰榜·内地']
梁晓雪,1,0,,1,['巅峰榜·内地']
梁嘉树TwT.,1,0,,1,['巅峰榜·内地']
梁博,1,0,,2,"['巅峰榜·热歌', '巅峰榜·流行指数']"
桃子假象 Peach Illusion,1,0,,1,['巅峰榜·内地']
桃九,1,0,,1,['巅峰榜·内地']
桂瑶,3,0,,3,['巅峰榜·内地']
栾贻泽Felix,1,0,,1,['巅峰榜·内地']
格雷西西西,1,0,,1,['巅峰榜·新歌']
树莉莉 Serrini,5,0,,5,['巅峰榜·内地']
此生不换,1,0,,1,['巅峰榜·流行指数']
欧阳耀莹,1,0,,2,"['巅峰榜·热歌', '巅峰榜·流行指数']"
欧阳嘉奇,3,0,,3,['巅峰榜·内地']
檀健次,5,0,,4,['巅峰榜·新歌']
橙大蕾蕾/沈冰清/音药配方,1,0,,1,"['巅峰榜·流行指数', '巅峰榜·新歌']"
橘子海,1,0,,1,['巅峰榜·流行指数']
橘子妹,3,0,,2,"['巅峰榜·流行指数', '巅峰榜·新歌']"
樊猪/Shirann,1,0,,1,['巅峰榜·内地']
楽七俱乐部,2,0,,2,['巅峰榜·内地']
楚楚,1,0,,1,['巅峰榜·内地']
椿乐队,2,0,,2,"['巅峰榜·新歌', '巅峰榜·内地']"
椅子乐团 The Chairs,2,0,,2,['巅峰榜·内地']
梵花乐队,2,0,,2,['巅峰榜·内地']
梧彤Vickie,1,0,,1,"['巅峰榜·流行指数', '巅峰榜·新歌']"
梦然,2,0,,2,"['巅峰榜·热歌', '巅峰榜·流行指数']"
梦与橙,1,0,,1,['巅峰榜·内地']
水星日 / Mercury Wednesday/栖溪,1,0,,1,['巅峰榜·内地']
气运联盟,2,0,,1,['巅峰榜·新歌']
气硬/麋人Luu,1,0,,1,['巅峰榜·内地']
毛孩,1,0,,1,['巅峰榜·内地']
毛不易,15,0,,16,"['巅峰榜·热歌', '巅峰榜·流行指数', '巅峰榜·新歌']"
毕晓歆,1,0,,1,['巅峰榜·内地']
比诺,1,0,,1,['巅峰榜·新歌']
比莉,1,0,,1,"['巅峰榜·热歌', '巅峰榜·流行指数']"
毒药,1,0,,1,['巅峰榜·新歌']
毋盼盼,1,0,,1,['巅峰榜·内地']
残雪,1,0,,1,['巅峰榜·新歌']
歪歪超/羊羊,1,0,,1,"['巅峰榜·流行指数', '巅峰榜·新歌']"
歪歪超/有只芥子,1,0,,1,['巅峰榜·新歌']
歪歪超,1,0,,1,['巅峰榜·新歌']
武言圣,1,0,,1,['巅峰榜·内地']
此间不语/李蚊香,1,0,,1,['巅峰榜·内地']
江迟同学,4,0,,4,['巅峰榜·内地']
江语晨,1,0,,8,"['巅峰榜·热歌', '巅峰榜·流行指数']"
江肆/田园.,1,0,,1,['巅峰榜·新歌']
江瓷,1,0,,1,['巅峰榜·内地']
江易泽,1,0,,1,['巅峰榜·新歌']
江存潇,1,0,,1,['巅峰榜·热歌']
江北,1,0,,1,['巅峰榜·流行指数']
汐音社,1,0,,1,['巅峰榜·新歌']
汉生/莱奥法塔西,2,0,,2,['巅峰榜·内地']
汉生,3,0,,3,['巅峰榜·内地']
永猩Nssus/MAREA/说唱者联盟,1,0,,1,"['巅峰榜·新歌', '巅峰榜·内地']"
永猩Nssus/MAREA,1,0,,1,['巅峰榜·内地']
永猩Nssus,3,0,,3,['巅峰榜·内地']
永彬Ryan.B/周延英（英子-effie）,1,0,,1,"['巅峰榜·流行指数', '巅峰榜·新歌']"
水调歌头/果与Hilda,1,0,,1,['巅峰榜·内地']
水木年华,3,0,,3,['巅峰榜·内地']
沉默橙,1,0,,1,['巅峰榜·内地']
沈默亞SHEN,1,0,,1,['巅峰榜·内地']
沈梦瑶,1,0,,1,['巅峰榜·内地']
沈克NICKSHY,1,0,,1,['巅峰榜·内地']
沈佳润 (NINA),2,0,,1,"['巅峰榜·流行指数', '巅峰榜·新歌']"
沈以诚/张钰琪,1,0,,1,['巅峰榜·内地']
沈以诚,1,0,,1,['巅峰榜·新歌']
汪苏泷/吉克隽逸,1,0,,1,['巅峰榜·热歌']
汪苏泷/单依纯,1,0,,7,"['巅峰榜·热歌', '巅峰榜·流行指数']"
汪苏泷,15,0,,10,"['巅峰榜·热歌', '巅峰榜·流行指数', '巅峰榜·新歌']"
汪睿,1,0,,1,['巅峰榜·内地']
汪济深Wangdaland,1,0,,1,['巅峰榜·内地']
汤姆先生,1,0,,1,['巅峰榜·新歌']
汤乐队,1,0,,1,['巅峰榜·内地']
池鱼,2,0,,2,"['巅峰榜·流行指数', '巅峰榜·新歌']"
池果,1,0,,1,"['巅峰榜·流行指数', '巅峰榜·新歌', '巅峰榜·内地']"
洋乐多,1,0,,1,"['巅峰榜·流行指数', '巅峰榜·新歌']"
泽国同学,1,0,,1,['巅峰榜·流行指数']
泽ER/羊羊,1,0,,1,['巅峰榜·新歌']
泰容 (태용)/JENO (제노)/HENDERY (黄冠亨)/扬扬,1,0,,1,['巅峰榜·新歌']
泪の代码/单循/山吹京/鱼骨妹,1,0,,1,['巅峰榜·流行指数']
波普电 Popest,1,0,,1,['巅峰榜·内地']
泡芙芙Scarlett,2,0,,2,"['巅峰榜·热歌', '巅峰榜·流行指数', '巅峰榜·新歌']"
泠鸢yousa/音阙诗听,1,0,,1,['巅峰榜·新歌']
法老/阿达娃,1,0,,1,['巅峰榜·流行指数']
法宝,1,0,,1,['巅峰榜·内地']
河豚豚/小旭音乐,1,0,,1,['巅峰榜·新歌']
河图,1,0,,1,['巅峰榜·内地']
沙漏SAALAU,1,0,,1,['巅峰榜·内地']
沙宝亮,2,0,,2,['巅峰榜·新歌']
沙一汀EL,1,0,,1,['巅峰榜·新歌']
沐可儿,2,0,,2,['巅峰榜·内地']
海缔/K95S腾飛联盟,1,0,,1,['巅峰榜·内地']
海洋Bo/高睿,1,0,,1,['巅峰榜·新歌']
海来阿木,11,0,,11,"['巅峰榜·热歌', '巅峰榜·流行指数', '巅峰榜·新歌']"
海妖SeaMaiden,1,0,,1,['巅峰榜·内地']
海伦,1,0,,1,['巅峰榜·新歌']
浮生梦,1,0,,1,['巅峰榜·新歌']
浪花兄弟,1,0,,1,['巅峰榜·流行指数']
浪味仙贝,1,0,,1,['巅峰榜·内地']
浪之乐队,1,0,,1,['巅峰榜·内地']
浩然H.R,1,0,,3,"['巅峰榜·热歌', '巅峰榜·流行指数']"
洛松维,1,0,,1,['巅峰榜·内地']
洛君清,1,0,,1,['巅峰榜·内地']
洛克GLOCO/王梓力,1,0,,1,['巅峰榜·内地']
洛先生,2,0,,2,"['巅峰榜·流行指数', '巅峰榜·新歌']"
洋澜一/陈柏曦,1,0,,1,['巅峰榜·流行指数']
洋澜一,9,0,,7,"['巅峰榜·流行指数', '巅峰榜·新歌']"
满舒克,3,0,,2,['巅峰榜·新歌']
滇声气/滇声气大辉Daphe/贰万/Taisheng Music,1,0,,1,['巅峰榜·内地']
游鸿明,1,0,,1,['巅峰榜·流行指数']
游离怪,1,0,,1,['巅峰榜·内地']
温岚,1,0,,2,"['巅峰榜·热歌', '巅峰榜·流行指数']"
温奕心,2,0,,12,"['巅峰榜·热歌', '巅峰榜·流行指数', '巅峰榜·新歌']"
渡,2,0,,2,"['巅峰榜·热歌', '巅峰榜·新歌']"
渔总up,1,0,,1,['巅峰榜·新歌']
清唯,3,0,,2,"['巅峰榜·热歌', '巅峰榜·流行指数', '巅峰榜·新歌']"
添儿呗,1,0,,1,['巅峰榜·新歌']
深海鱼子酱,1,0,,1,['巅峰榜·流行指数']
淋音岛,1,0,,1,['巅峰榜·内地']
涵怡,1,0,,1,"['巅峰榜·流行指数', '巅峰榜·新歌']"
消毒剂,1,0,,1,['巅峰榜·内地']
海龟先生,1,0,,1,['巅峰榜·内地']
海鸣威/吴琼,1,0,,3,['巅峰榜·热歌']
炀平,1,0,,1,['巅峰榜·内地']
灼夭/国风新语/戾格/小田音乐社,1,0,,1,"['巅峰榜·流行指数', '巅峰榜·新歌']"
灯叔,4,0,,2,['巅峰榜·新歌']
火鸡,1,0,,1,['巅峰榜·内地']
火树/文韬/齐思钧/蒲熠星,2,0,,1,"['巅峰榜·流行指数', '巅峰榜·新歌']"
火晚晴/士哆PerRy,1,0,,1,['巅峰榜·内地']
澜一,1,0,,1,['巅峰榜·流行指数']
潘玮柏/弦子,1,0,,2,['巅峰榜·热歌']
潘玮柏/GALI,1,0,,1,['巅峰榜·新歌']
潘澈,1,0,,1,['巅峰榜·内地']
潘成（皮卡潘）,1,0,,3,['巅峰榜·热歌']
潘俊舟/白令海乐队(Burning Sea）,2,0,,2,['巅峰榜·内地']
漫香,1,0,,1,['巅峰榜·流行指数']
满舒克/黄新淳,1,0,,1,['巅峰榜·新歌']
满舒克/梁铭琛/说唱者联盟,1,0,,1,['巅峰榜·内地']
满舒克/APEX,1,0,,1,['巅峰榜·内地']
牛奶咖啡/仙羽,1,0,,1,['巅峰榜·内地']
爱星人,2,0,,2,['巅峰榜·内地']
爱喝矿泉水,1,0,,1,['巅峰榜·流行指数']
燕宝儿,3,0,,2,"['巅峰榜·流行指数', '巅峰榜·新歌']"
燃一,1,0,,1,['巅峰榜·内地']
熙月月,1,0,,1,"['巅峰榜·流行指数', '巅峰榜·新歌']"
熊猫堂ProducePandas,1,0,,1,['巅峰榜·内地']
照片送到店里那天,1,0,,1,['巅峰榜·内地']
然然,1,0,,1,['巅峰榜·新歌']
焦靖峰,1,0,,1,['巅峰榜·新歌']
焦迈奇,2,0,,2,['巅峰榜·内地']
焦琢雅,1,0,,1,"['巅峰榜·流行指数', '巅峰榜·新歌']"
热键被杀手,1,0,,1,['巅峰榜·内地']
热岛乐队 Heat Island,2,0,,2,['巅峰榜·内地']
烟嗓船长,3,0,,2,['巅峰榜·新歌']
烟(许佳豪),1,0,,1,"['巅峰榜·流行指数', '巅峰榜·新歌']"
王以太/说唱者联盟,1,0,,1,['巅峰榜·内地']
王以太/艾热AIR,1,0,,1,['巅峰榜·内地']
王以太/姜云升,1,0,,1,['巅峰榜·新歌']
王以太/刘至佳,2,0,,2,"['巅峰榜·流行指数', '巅峰榜·新歌', '巅峰榜·内地']"
王以太,1,0,,1,['巅峰榜·流行指数']
王一珩OneSD,1,0,,1,['巅峰榜·新歌']
王一博,8,0,,7,"['巅峰榜·流行指数', '巅峰榜·新歌']"
王一一,1,0,,1,['巅峰榜·流行指数']
玉子酱Mo,1,0,,1,['巅峰榜·新歌']
玄觞,1,0,,1,['巅峰榜·内地']
猛虎王TGK,1,0,,1,['巅峰榜·内地']
狼戈,1,0,,2,"['巅峰榜·热歌', '巅峰榜·流行指数']"
狮童,1,0,,1,['巅峰榜·内地']
狙击黄雀/K邵庄,1,0,,1,['巅峰榜·内地']
犬儒乐队,2,0,,2,['巅峰榜·内地']
特波Turbo,1,0,,1,['巅峰榜·内地']
王大毛,1,0,,1,"['巅峰榜·流行指数', '巅峰榜·新歌']"
王嘉尔,2,0,,2,"['巅峰榜·流行指数', '巅峰榜·新歌']"
王嘉一,1,0,,1,['巅峰榜·流行指数']
王啸坤,1,0,,1,"['巅峰榜·新歌', '巅峰榜·内地']"
王唯旖,1,0,,3,"['巅峰榜·热歌', '巅峰榜·流行指数']"
王唯一,1,0,,1,['巅峰榜·新歌']
王同学Able,1,0,,1,['巅峰榜·新歌']
王卓艺,1,0,,1,['巅峰榜·新歌']
王力宏,8,0,,12,"['巅峰榜·热歌', '巅峰榜·流行指数']"
王允宸,1,0,,1,['巅峰榜·内地']
王俊凯,2,0,,2,"['巅峰榜·流行指数', '巅峰榜·新歌']"
王依然,1,0,,1,['巅峰榜·内地']
王佳音,4,0,,3,"['巅峰榜·流行指数', '巅峰榜·新歌']"
王佳杨,1,0,,2,['巅峰榜·流行指数']
王优秀,1,0,,1,['巅峰榜·热歌']
王以诺,4,0,,4,"['巅峰榜·流行指数', '巅峰榜·新歌', '巅峰榜·内地']"
王志心,1,0,,1,"['巅峰榜·流行指数', '巅峰榜·新歌']"
王心凌,2,0,,2,['巅峰榜·热歌']
王小帅,4,0,,4,['巅峰榜·流行指数']
王小乱,1,0,,1,['巅峰榜·流行指数']
王安祺,1,0,,1,['巅峰榜·流行指数']
王宇宙Leto/乔浚丞,3,0,,6,"['巅峰榜·热歌', '巅峰榜·流行指数', '巅峰榜·新歌']"
王宇宙Leto,1,0,,1,['巅峰榜·新歌']
王子晨,1,0,,1,['巅峰榜·内地']
王子明/KEYI杨豪,1,0,,1,['巅峰榜·内地']
王子明,1,0,,1,['巅峰榜·内地']
王子咖KAA YE,1,0,,1,['巅峰榜·内地']
王子健/拂言,1,0,,1,['巅峰榜·内地']
王子健,7,0,,7,"['巅峰榜·新歌', '巅峰榜·内地']"
王娜/阿国哥,1,0,,1,['巅峰榜·流行指数']
王天阳,1,0,,1,['巅峰榜·流行指数']
王天冲,1,0,,1,['巅峰榜·新歌']
王源/告五人,1,0,,1,['巅峰榜·流行指数']
王源,9,0,,8,"['巅峰榜·热歌', '巅峰榜·流行指数', '巅峰榜·新歌']"
王浦宇,1,0,,1,['巅峰榜·内地']
王樾安,1,0,,1,['巅峰榜·流行指数']
王梓琪,1,0,,1,['巅峰榜·新歌']
王栎鑫,1,0,,1,['巅峰榜·新歌']
王木木,1,0,,1,"['巅峰榜·流行指数', '巅峰榜·新歌']"
王晴,1,0,,1,['巅峰榜·流行指数']
王晰,1,0,,1,['巅峰榜·新歌']
王晨宇IceCraz/947.ASH,1,0,,1,['巅峰榜·内地']
王文砖,1,0,,1,['巅峰榜·内地']
王悦辰,1,0,,1,"['巅峰榜·流行指数', '巅峰榜·新歌']"
王忻辰/苏星婕,1,0,,2,"['巅峰榜·热歌', '巅峰榜·流行指数']"
王忻辰/傅梦彤,1,0,,1,['巅峰榜·新歌']
王忻辰/pro/傅梦彤,1,0,,1,['巅峰榜·流行指数']
王忻辰,1,0,,1,['巅峰榜·流行指数']
王赫野,6,0,,6,"['巅峰榜·热歌', '巅峰榜·流行指数', '巅峰榜·新歌']"
王蓝茵,1,0,,6,"['巅峰榜·热歌', '巅峰榜·流行指数']"
王菲,5,0,,15,"['巅峰榜·热歌', '巅峰榜·流行指数', '巅峰榜·新歌']"
王艺格,1,0,,1,['巅峰榜·内地']
王艳薇,1,0,,1,"['巅峰榜·热歌', '巅峰榜·流行指数']"
王美好,1,0,,1,['巅峰榜·流行指数']
王约翰,1,0,,1,['巅峰榜·内地']
王秋实,1,0,,1,['巅峰榜·新歌']
王禹会长,1,0,,1,"['巅峰榜·流行指数', '巅峰榜·新歌']"
王睿卓/Damn5z,1,0,,1,['巅峰榜·热歌']
王睿卓,3,0,,3,"['巅峰榜·流行指数', '巅峰榜·新歌']"
王瑞淇/七乐团SEVENBAND,1,0,,1,"['巅峰榜·流行指数', '巅峰榜·新歌']"
王琛同学,1,0,,1,"['巅峰榜·流行指数', '巅峰榜·新歌']"
王理事,2,0,,3,"['巅峰榜·流行指数', '巅峰榜·新歌']"
王濛Maxxxme,1,0,,1,['巅峰榜·内地']
王澳楠EVE,2,0,,2,['巅峰榜·内地']
甘璐,1,0,,1,['巅峰榜·内地']
瓜瓜ya,1,0,,1,['巅峰榜·新歌']
瑞雅,1,0,,1,['巅峰榜·内地']
瑞达,1,0,,1,['巅峰榜·内地']
珑熹音上/T1$RYy/锴锴☻,1,0,,1,['巅峰榜·内地']
玻璃音,1,0,,1,['巅峰榜·内地']
王鹏程,1,0,,1,['巅峰榜·新歌']
王馨,1,0,,1,"['巅峰榜·流行指数', '巅峰榜·新歌']"
王靖雯/唐汉霄,1,0,,1,['巅峰榜·新歌']
王靖雯,16,0,,13,"['巅峰榜·热歌', '巅峰榜·流行指数', '巅峰榜·新歌', '巅峰榜·内地']"
王雨桐,1,0,,1,['巅峰榜·流行指数']
王镭熹,1,0,,1,['巅峰榜·内地']
王铮亮/李嘉格,1,0,,1,['巅峰榜·流行指数']
王近祯,1,0,,1,['巅峰榜·内地']
王超然,1,0,,1,"['巅峰榜·流行指数', '巅峰榜·新歌']"
王赫野/陈卓璇,1,0,,1,['巅峰榜·流行指数']
白翎/朱强,1,0,,1,['巅峰榜·新歌']
白平衡乐队,1,0,,1,['巅峰榜·内地']
白小白,1,0,,1,"['巅峰榜·流行指数', '巅峰榜·新歌']"
白允y/歪歪超,1,0,,1,['巅峰榜·新歌']
白允y,9,0,,5,"['巅峰榜·流行指数', '巅峰榜·新歌']"
白举纲/赖美云,1,0,,1,['巅峰榜·流行指数']
疯医乐队,1,0,,1,['巅峰榜·内地']
电气樱桃,2,0,,2,['巅峰榜·内地']
田馥甄,1,0,,6,"['巅峰榜·热歌', '巅峰榜·流行指数']"
田浩宇,1,0,,1,['巅峰榜·流行指数']
田栩宁,1,0,,1,['巅峰榜·新歌']
田园,11,0,,4,"['巅峰榜·热歌', '巅峰榜·流行指数', '巅峰榜·新歌']"
田嘉瑞,1,0,,1,['巅峰榜·新歌']
甜老虎,1,0,,1,['巅峰榜·新歌']
甜约翰,1,0,,1,['巅峰榜·内地']
甜柚子,1,0,,1,['巅峰榜·内地']
短跑小说,1,0,,1,['巅峰榜·内地']
知更鸟/HOYO-MiX/Chevy,1,0,,1,['巅峰榜·新歌']
瞳荧/十八薰,1,0,,1,['巅峰榜·内地']
真瑞,1,0,,1,['巅峰榜·流行指数']
真名有雪,1,0,,1,"['巅峰榜·流行指数', '巅峰榜·新歌']"
相片纸/速食脚脚,1,0,,1,['巅峰榜·新歌']
相片纸,1,0,,1,['巅峰榜·新歌']
直火帮XZT/直火帮StraightFireGang,1,0,,1,['巅峰榜·内地']
直火帮StraightFireGang,1,0,,1,['巅峰榜·内地']
盛宇D-SHINE,1,0,,1,['巅峰榜·流行指数']
盛哲,2,0,,7,"['巅峰榜·热歌', '巅峰榜·流行指数', '巅峰榜·内地']"
皮卡丘多多尹子桐,2,0,,2,"['巅峰榜·流行指数', '巅峰榜·新歌']"
白鹿,1,0,,1,"['巅峰榜·热歌', '巅峰榜·新歌']"
白雾,1,0,,1,['巅峰榜·内地']
白菜,1,0,,1,['巅峰榜·内地']
白色海岸The White Coast,2,0,,2,['巅峰榜·内地']
秦晨阳,1,0,,1,['巅峰榜·内地']
秘密后院,1,0,,1,['巅峰榜·内地']
秋风落,1,0,,1,['巅峰榜·新歌']
秋原依,1,0,,2,['巅峰榜·流行指数']
祥嘞嘞/叫宝宝,1,0,,1,['巅峰榜·新歌']
祥嘞嘞,1,0,,1,"['巅峰榜·流行指数', '巅峰榜·新歌']"
神木与瞳,1,0,,1,['巅峰榜·流行指数']
祝青（G2er）,1,0,,1,['巅峰榜·流行指数']
祝眠,1,0,,1,['巅峰榜·新歌']
祖娅纳惜/一念逍遥,1,0,,1,['巅峰榜·内地']
祁紫檀,2,0,,2,['巅峰榜·内地']
礼越,2,0,,1,"['巅峰榜·热歌', '巅峰榜·流行指数', '巅峰榜·新歌']"
礼志 (YEJI),1,0,,1,['巅峰榜·新歌']
石田奕铭,1,0,,1,['巅峰榜·流行指数']
石玺彤,1,0,,1,['巅峰榜·内地']
石伊,1,0,,1,['巅峰榜·新歌']
窦靖童,1,0,,1,['巅峰榜·内地']
窦佳嫄,3,0,,3,"['巅峰榜·新歌', '巅峰榜·内地']"
窝窝,1,0,,1,['巅峰榜·新歌']
穿校服的饶舌歌手（牛牛）,1,0,,1,['巅峰榜·内地']
空城,2,0,,2,['巅峰榜·新歌']
穆哲熙,4,0,,4,"['巅峰榜·流行指数', '巅峰榜·内地']"
穆傲寒,1,0,,1,['巅峰榜·流行指数']
稣,1,0,,1,['巅峰榜·内地']
程渤智,1,0,,1,['巅峰榜·内地']
程奎,1,0,,1,"['巅峰榜·热歌', '巅峰榜·流行指数']"
程响,8,0,,10,"['巅峰榜·热歌', '巅峰榜·流行指数', '巅峰榜·新歌']"
程佳佳,2,0,,2,"['巅峰榜·新歌', '巅峰榜·内地']"
程今,1,0,,3,['巅峰榜·热歌']
秦霄贤,1,0,,1,['巅峰榜·新歌']
秦翼,1,0,,1,['巅峰榜·内地']
秦海清,1,0,,2,['巅峰榜·流行指数']
绝岛辣妹,1,0,,1,['巅峰榜·流行指数']
练亚锋,1,0,,1,['巅峰榜·内地']
纳豆nado,1,0,,1,"['巅峰榜·流行指数', '巅峰榜·新歌']"
红月,2,0,,1,['巅峰榜·新歌']
红小乐,1,0,,1,['巅峰榜·新歌']
红孩儿,1,0,,1,['巅峰榜·新歌']
糖果超甜,1,0,,1,['巅峰榜·新歌']
粉浪,1,0,,1,['巅峰榜·内地']
米津玄師 (よねづ けんし),5,0,,4,"['巅峰榜·流行指数', '巅峰榜·新歌']"
米卡,5,0,,4,"['巅峰榜·流行指数', '巅峰榜·新歌']"
简单对话 A Little Conversation/黄子弘凡,1,0,,1,['巅峰榜·流行指数']
筷子兄弟,1,0,,1,['巅峰榜·热歌']
等秋LongForAutumn,1,0,,1,['巅峰榜·内地']
等一下就回家,1,0,,1,"['巅峰榜·流行指数', '巅峰榜·新歌']"
笑匠 HAHA MASTER,1,0,,1,['巅峰榜·内地']
童党乐队,1,0,,1,['巅峰榜·内地']
老胡YOKU,2,0,,2,"['巅峰榜·流行指数', '巅峰榜·新歌', '巅峰榜·内地']"
老狼/卢中强/民谣在路上,1,0,,1,['巅峰榜·内地']
老渡,1,0,,1,['巅峰榜·新歌']
老板,1,0,,1,['巅峰榜·新歌']
耀乐团,1,0,,1,['巅峰榜·内地']
羊音乐,1,0,,1,['巅峰榜·新歌']
羊羊,3,0,,3,['巅峰榜·新歌']
羊与鲲,1,0,,1,['巅峰榜·内地']
罗高丞,1,0,,1,"['巅峰榜·流行指数', '巅峰榜·新歌']"
罗锟/石杨,1,0,,1,"['巅峰榜·流行指数', '巅峰榜·新歌']"
罗森涛,1,0,,1,['巅峰榜·新歌']
罗德信箱,1,0,,1,['巅峰榜·内地']
罗密欧Romeo,1,0,,1,['巅峰榜·内地']
罗宏,1,0,,1,"['巅峰榜·流行指数', '巅峰榜·新歌']"
罗夏RO,1,0,,1,['巅峰榜·内地']
罗之豪,1,0,,1,['巅峰榜·流行指数']
胡同诗神,1,0,,1,['巅峰榜·内地']
胡二三,1,0,,1,['巅峰榜·内地']
胡66,1,0,,1,"['巅峰榜·流行指数', '巅峰榜·新歌']"
胜屿,1,0,,1,['巅峰榜·流行指数']
胖虎（董欣怡）,3,0,,3,"['巅峰榜·热歌', '巅峰榜·流行指数', '巅峰榜·新歌']"
胖凯,1,0,,1,['巅峰榜·新歌']
肥阳,1,0,,1,['巅峰榜·新歌']
肥皂菌丨珉珉的猫咪丨/聆云音乐,1,0,,1,['巅峰榜·流行指数']
肖战/谭维维,1,0,,1,"['巅峰榜·流行指数', '巅峰榜·新歌']"
肖战,1,0,,1,['巅峰榜·新歌']
肖恩LilSeanChild/hoda大盛/下班积极份子/三道黑TriDarK,1,0,,1,['巅峰榜·内地']
肖倾月,1,0,,1,"['巅峰榜·流行指数', '巅峰榜·新歌']"
聒噪的王海颖/孙圳翰,1,0,,1,"['巅峰榜·热歌', '巅峰榜·流行指数']"
聂思诗,3,0,,3,"['巅峰榜·流行指数', '巅峰榜·新歌']"
耳朵便利店,2,0,,2,"['巅峰榜·流行指数', '巅峰榜·新歌']"
老胡子男孩,1,0,,1,['巅峰榜·新歌']
脉冲星  (The Pulsar),1,0,,1,['巅峰榜·内地']
脆莓(Brickleberry),1,0,,1,['巅峰榜·内地']
胥睿,1,0,,1,['巅峰榜·内地']
胡蝶1,1,0,,1,['巅峰榜·内地']
胡碧云,1,0,,1,['巅峰榜·内地']
胡皓闻,1,0,,1,['巅峰榜·内地']
胡海泉,2,0,,1,"['巅峰榜·流行指数', '巅峰榜·新歌']"
胡歌,1,0,,6,"['巅峰榜·热歌', '巅峰榜·流行指数']"
胡本B.E.N,1,0,,1,['巅峰榜·内地']
胡期皓/叶琼琳/董唧唧,1,0,,1,"['巅峰榜·流行指数', '巅峰榜·新歌']"
胡期皓,1,0,,1,"['巅峰榜·流行指数', '巅峰榜·新歌']"
胡彦斌/张韶涵/胡海泉/周深,1,0,,1,['巅峰榜·新歌']
胡彦斌,2,0,,9,"['巅峰榜·热歌', '巅峰榜·流行指数']"
胡宸Chen/RE-D,1,0,,1,"['巅峰榜·流行指数', '巅峰榜·新歌']"
胡宸Chen,1,0,,1,"['巅峰榜·流行指数', '巅峰榜·新歌']"
胡夏,6,0,,4,"['巅峰榜·流行指数', '巅峰榜·新歌']"
芊芊龍,1,0,,1,"['巅峰榜·流行指数', '巅峰榜·新歌']"
艾辰,2,0,,2,"['巅峰榜·流行指数', '巅峰榜·新歌']"
艾福杰尼,1,0,,1,['巅峰榜·内地']
艾热AIR,2,0,,2,"['巅峰榜·新歌', '巅峰榜·内地']"
艾志恒Asen,2,0,,2,['巅峰榜·内地']
艾夕燃,2,0,,2,['巅峰榜·新歌']
艾北,2,0,,2,"['巅峰榜·流行指数', '巅峰榜·新歌']"
艾克斯Dragon/CrispyHerry,1,0,,1,['巅峰榜·内地']
艺凌,6,0,,4,"['巅峰榜·流行指数', '巅峰榜·新歌']"
舒也/所追寻的风,1,0,,1,['巅峰榜·内地']
舒也/DBAA,1,0,,1,['巅峰榜·内地']
舒也,1,0,,1,['巅峰榜·内地']
腾格尔,1,0,,1,['巅峰榜·新歌']
脱景麟/李俊宜（宜宝）,1,0,,1,"['巅峰榜·流行指数', '巅峰榜·新歌']"
脱景麟,1,0,,1,"['巅峰榜·流行指数', '巅峰榜·新歌']"
脑循环,1,0,,1,['巅峰榜·内地']
苏紫旭&The Paramecia,1,0,,1,['巅峰榜·内地']
苏琛,1,0,,1,['巅峰榜·新歌']
苏梦瑶,1,0,,1,['巅峰榜·新歌']
苏晗,4,0,,3,"['巅峰榜·流行指数', '巅峰榜·新歌']"
苏星婕/阿辰（阎辰）,2,0,,2,"['巅峰榜·流行指数', '巅峰榜·新歌']"
苏星婕/安扬,1,0,,1,['巅峰榜·流行指数']
苏星婕,29,0,,12,"['巅峰榜·热歌', '巅峰榜·流行指数', '巅峰榜·新歌', '巅峰榜·内地']"
苏打绿,2,0,,2,"['巅峰榜·热歌', '巅峰榜·流行指数']"
苏子欲,1,0,,1,['巅峰榜·流行指数']
苏天乐/秋枯落泪,1,0,,1,['巅峰榜·新歌']
花花小果实,2,0,,1,['巅峰榜·新歌']
花糖,1,0,,1,['巅峰榜·流行指数']
花粥,1,0,,1,['巅峰榜·内地']
花墙FancyWall,1,0,,1,['巅峰榜·内地']
花僮,1,0,,1,['巅峰榜·新歌']
芯竹XENZU,1,0,,1,['巅峰榜·内地']
茶二娘/小田音乐社,1,0,,1,['巅峰榜·新歌']
茜西,2,0,,2,['巅峰榜·新歌']
范茹,1,0,,1,['巅峰榜·流行指数']
范臻尔/黄鲲/何懿峻/蒋敦豪,1,0,,1,"['巅峰榜·流行指数', '巅峰榜·新歌']"
范玮琪,1,0,,1,['巅峰榜·流行指数']
范忆堂,1,0,,1,['巅峰榜·内地']
茂茂吖/是涵涵吖,1,0,,1,['巅峰榜·内地']
英雄联盟,2,0,,1,"['巅峰榜·流行指数', '巅峰榜·新歌']"
苏醒AllenSu/陆虎/姚政,1,0,,1,"['巅峰榜·流行指数', '巅峰榜·新歌']"
苏醒AllenSu,3,0,,3,"['巅峰榜·流行指数', '巅峰榜·新歌']"
苏逸_Suyi/爆裂菊是也/小N/Kiyo,1,0,,1,['巅峰榜·内地']
苏贝贝,1,0,,1,"['巅峰榜·流行指数', '巅峰榜·新歌']"
苏谭谭/3秒超市,1,0,,1,['巅峰榜·新歌']
苏谭谭,2,0,,2,"['巅峰榜·流行指数', '巅峰榜·新歌']"
苏菲花园,1,0,,1,['巅峰榜·内地']
苏菀玉/LUX赵戈涛,1,0,,1,['巅峰榜·内地']
萧煌奇,1,0,,1,['巅峰榜·流行指数']
萧敬腾/张淇,1,0,,1,['巅峰榜·流行指数']
萧敬腾,1,0,,1,['巅峰榜·流行指数']
萧亚轩,2,0,,3,"['巅峰榜·热歌', '巅峰榜·流行指数']"
萌面侠,1,0,,1,['巅峰榜·流行指数']
菲道尔/DIOR大颖,1,0,,1,['巅峰榜·流行指数']
菲菲公主（陆绮菲）,2,0,,3,"['巅峰榜·热歌', '巅峰榜·流行指数']"
菲利丝PHY,1,0,,1,['巅峰榜·新歌']
莫非定律乐团,1,0,,1,['巅峰榜·内地']
莫文蔚,1,0,,8,"['巅峰榜·热歌', '巅峰榜·流行指数']"
莉莉童,1,0,,1,['巅峰榜·内地']
荒野熊,1,0,,1,"['巅峰榜·流行指数', '巅峰榜·新歌']"
荒草公园,1,0,,1,['巅峰榜·内地']
草蜢,2,0,,2,"['巅峰榜·热歌', '巅峰榜·流行指数']"
草原兄弟,2,0,,2,['巅峰榜·新歌']
草东没有派对,1,0,,1,['巅峰榜·流行指数']
蒋知意,1,0,,1,['巅峰榜·新歌']
蒋坤炜,1,0,,1,['巅峰榜·新歌']
蒋先贵,1,0,,1,['巅峰榜·流行指数']
董唧唧/芊芊龍,1,0,,1,['巅峰榜·新歌']
董唧唧/何村猪,1,0,,1,['巅峰榜·流行指数']
董唧唧/Swang多雷,1,0,,1,['巅峰榜·内地']
葡萄不愤怒乐队/对角巷乐队,1,0,,1,['巅峰榜·内地']
葛漂亮,1,0,,1,['巅峰榜·流行指数']
葛东琪,2,0,,4,"['巅峰榜·热歌', '巅峰榜·流行指数']"
落水猫TheDrowningCat,1,0,,1,['巅峰榜·内地']
萱萱,1,0,,1,['巅峰榜·流行指数']
萬象COSMOS,1,0,,1,['巅峰榜·内地']
萨顶顶,2,0,,1,['巅峰榜·新歌']
萨吉,1,0,,1,"['巅峰榜·流行指数', '巅峰榜·新歌']"
萧萧,1,0,,1,['巅峰榜·流行指数']
萧秉治/五月天,1,0,,1,['巅峰榜·流行指数']
薛之谦/董嘉鸿,1,0,,1,['巅峰榜·流行指数']
薛之谦/张靓颖,2,0,,2,"['巅峰榜·热歌', '巅峰榜·新歌']"
薛之谦,26,0,,16,"['巅峰榜·热歌', '巅峰榜·流行指数', '巅峰榜·新歌']"
薇哥Vear,1,0,,1,['巅峰榜·新歌']
蕊蕊蕊蕊！,1,0,,1,['巅峰榜·内地']
蔡明希-不才,1,0,,1,['巅峰榜·流行指数']
蔡徐坤,4,0,,4,"['巅峰榜·热歌', '巅峰榜·新歌']"
蔡健雅,7,0,,15,"['巅峰榜·热歌', '巅峰榜·流行指数']"
蔡依林,2,0,,1,['巅峰榜·热歌']
蔡一,1,0,,1,['巅峰榜·新歌']
蓝心羽,9,0,,9,"['巅峰榜·热歌', '巅峰榜·流行指数', '巅峰榜·新歌', '巅峰榜·内地']"
蒲熠星,2,0,,2,['巅峰榜·新歌']
蒙太奇Whisky/说唱者联盟,1,0,,1,['巅峰榜·内地']
蒙太奇Whisky,1,0,,1,['巅峰榜·内地']
蒋雪儿Snow.J,2,0,,2,['巅峰榜·流行指数']
蒋蒋/曲肖冰,1,0,,1,['巅峰榜·热歌']
街道办GDC/欧阳耀莹,1,0,,14,"['巅峰榜·热歌', '巅峰榜·流行指数']"
街道办GDC,1,0,,1,['巅峰榜·内地']
行崽ou,1,0,,1,['巅峰榜·新歌']
行为能溶解,1,0,,1,['巅峰榜·内地']
血肉果汁机,1,0,,1,['巅峰榜·内地']
蜷花 (李子璇),1,0,,1,['巅峰榜·内地']
蜜雪冰城,1,0,,1,"['巅峰榜·流行指数', '巅峰榜·新歌']"
蜜瓜夜晚,2,0,,2,['巅峰榜·内地']
蛋治RB,1,0,,1,['巅峰榜·内地']
虞正儿,1,0,,1,"['巅峰榜·流行指数', '巅峰榜·新歌']"
虞书欣/张彬彬,1,0,,1,['巅峰榜·新歌']
虞书欣,3,0,,3,['巅峰榜·新歌']
虎二,1,0,,1,['巅峰榜·流行指数']
藤柒吖,3,0,,2,['巅峰榜·新歌']
薛之谦/锤娜丽莎,1,0,,1,['巅峰榜·流行指数']
薛之谦/郭聪明,1,0,,1,['巅峰榜·流行指数']
西瓜JUN,1,0,,1,['巅峰榜·内地']
西泽,1,0,,1,['巅峰榜·内地']
西槿Princekin/Annita/Chisway,1,0,,1,['巅峰榜·内地']
西柚,1,0,,1,"['巅峰榜·热歌', '巅峰榜·流行指数']"
西彬/张雨农,1,0,,1,['巅峰榜·内地']
裁缝铺,1,0,,1,['巅峰榜·内地']
袁野夕,1,0,,1,['巅峰榜·内地']
袁礼荃/友谊商店,1,0,,1,['巅峰榜·内地']
袁树雄,1,0,,1,"['巅峰榜·热歌', '巅峰榜·流行指数']"
袁小葳/阿辰（阎辰）,1,0,,1,['巅峰榜·新歌']
袁小葳/甘梅粉,1,0,,1,['巅峰榜·新歌']
袁小葳,1,0,,1,['巅峰榜·新歌']
袁娅维TIA RAY/张远/柳爽/温奕心,1,0,,1,"['巅峰榜·流行指数', '巅峰榜·新歌']"
袁娅维TIA RAY,3,0,,3,"['巅峰榜·流行指数', '巅峰榜·新歌']"
袁咏琳/周杰伦,1,0,,1,['巅峰榜·流行指数']
表情银行,2,0,,2,['巅峰榜·内地']
许歆茉,1,0,,1,['巅峰榜·内地']
许晰晰,1,0,,1,"['巅峰榜·流行指数', '巅峰榜·新歌']"
许文文,1,0,,1,['巅峰榜·流行指数']
许慧欣,1,0,,1,['巅峰榜·热歌']
许巍,2,0,,5,['巅峰榜·热歌']
许嵩/何曼婷,1,0,,9,['巅峰榜·热歌']
许嵩,5,0,,8,"['巅峰榜·热歌', '巅峰榜·流行指数', '巅峰榜·新歌']"
许子婷,1,0,,1,['巅峰榜·新歌']
许哲,1,0,,1,['巅峰榜·内地']
许呦,1,0,,1,['巅峰榜·新歌']
许博远,1,0,,1,['巅峰榜·内地']
许佳慧,1,0,,1,['巅峰榜·流行指数']
詹可可,1,0,,1,"['巅峰榜·流行指数', '巅峰榜·新歌']"
解语花,1,0,,1,['巅峰榜·新歌']
观音乐队,1,0,,1,['巅峰榜·内地']
覆予,2,0,,2,"['巅峰榜·流行指数', '巅峰榜·新歌']"
贺仙人,2,0,,2,['巅峰榜·内地']
贺一航,1,0,,2,['巅峰榜·热歌']
贵州小蓉儿,1,0,,1,['巅峰榜·新歌']
豆豆吃不饱,1,0,,1,['巅峰榜·内地']
豆包,1,0,,2,['巅峰榜·流行指数']
谷江山,1,0,,1,['巅峰榜·新歌']
谭维维,2,0,,2,"['巅峰榜·流行指数', '巅峰榜·新歌']"
谭咏麟,1,0,,1,"['巅峰榜·热歌', '巅峰榜·流行指数']"
谢远玉/钟泳慧,1,0,,1,['巅峰榜·流行指数']
谢庚沄,2,0,,2,"['巅峰榜·流行指数', '巅峰榜·新歌', '巅峰榜·内地']"
谢寻,1,0,,1,['巅峰榜·内地']
谢安琪,1,0,,1,['巅峰榜·流行指数']
谢娜,1,0,,1,['巅峰榜·新歌']
谢又/CRAT西略/K95S腾飛联盟,1,0,,1,['巅峰榜·流行指数']
许飞,1,0,,2,['巅峰榜·热歌']
许钧,1,0,,1,['巅峰榜·内地']
赵偲旖,1,0,,1,['巅峰榜·新歌']
赵二,1,0,,1,['巅峰榜·流行指数']
赵乃吉,19,0,,11,"['巅峰榜·热歌', '巅峰榜·流行指数', '巅峰榜·新歌']"
赵一博,1,0,,1,['巅峰榜·新歌']
赤潮RedTide,1,0,,1,['巅峰榜·内地']
赞多,3,0,,3,['巅峰榜·新歌']
赛西翰,1,0,,1,['巅峰榜·内地']
赛博九方,1,0,,1,['巅峰榜·新歌']
赖美云,1,0,,1,['巅峰榜·流行指数']
赖湘文,1,0,,1,"['巅峰榜·流行指数', '巅峰榜·新歌']"
赖小白/kashbin,1,0,,1,['巅峰榜·新歌']
赖仔Morris,3,0,,2,"['巅峰榜·流行指数', '巅峰榜·新歌']"
贾玲/沈腾/张小斐,1,0,,1,['巅峰榜·新歌']
贺敬轩,2,0,,2,"['巅峰榜·流行指数', '巅峰榜·新歌']"
贺峻霖,1,0,,1,['巅峰榜·新歌']
贺子玲,2,0,,2,"['巅峰榜·新歌', '巅峰榜·内地']"
赵芷彤Cassie,1,0,,1,['巅峰榜·内地']
赵紫骅,2,0,,2,['巅峰榜·内地']
赵禾野,1,0,,1,['巅峰榜·新歌']
赵磊,2,0,,2,"['巅峰榜·流行指数', '巅峰榜·新歌']"
赵牧阳,1,0,,1,['巅峰榜·内地']
赵照,1,0,,1,['巅峰榜·内地']
赵杰熹,1,0,,1,['巅峰榜·内地']
赵晨唏/珑熹音上/吴三畏,1,0,,1,['巅峰榜·内地']
赵晨唏/吴三畏/珑熹音上,1,0,,1,['巅峰榜·内地']
赵晨唏,3,0,,3,"['巅峰榜·流行指数', '巅峰榜·内地']"
赵旋/王粲雯SEVEN/Sarah彭彭,1,0,,1,['巅峰榜·内地']
赵政豪,3,0,,3,['巅峰榜·内地']
赵大美,1,0,,1,['巅峰榜·流行指数']
赵堇彤,2,0,,2,['巅峰榜·新歌']
赵品霖,2,0,,2,"['巅峰榜·流行指数', '巅峰榜·新歌']"
赵十三,3,0,,2,"['巅峰榜·流行指数', '巅峰榜·新歌']"
轻烟大叔,5,0,,3,"['巅峰榜·流行指数', '巅峰榜·新歌']"
软柿子乐队Soft-Persimmon,1,0,,1,['巅峰榜·内地']
转世虚拟猫,2,0,,2,['巅峰榜·内地']
轩姨(相信光),2,0,,2,['巅峰榜·新歌']
车往老诸板面（好烦妹）,1,0,,1,"['巅峰榜·流行指数', '巅峰榜·新歌']"
车厘子的车车,1,0,,1,['巅峰榜·流行指数']
跳跃号SCAMPER,1,0,,1,['巅峰榜·内地']
路有依,1,0,,1,['巅峰榜·内地']
路二loer,1,0,,1,['巅峰榜·新歌']
起床气MorningAura,1,0,,1,['巅峰榜·内地']
赵雷,1,0,,3,['巅峰榜·热歌']
赵运玲,1,0,,1,['巅峰榜·新歌']
赵诗雨,1,0,,1,['巅峰榜·新歌']
赵薇薇,2,0,,2,['巅峰榜·新歌']
赵茂茂,1,0,,1,['巅峰榜·新歌']
赵英俊,2,0,,2,"['巅峰榜·流行指数', '巅峰榜·新歌']"
邓佳欣/杨联想,1,0,,1,['巅峰榜·内地']
邓伦,1,0,,1,"['巅峰榜·流行指数', '巅峰榜·新歌']"
遗憾,1,0,,1,['巅峰榜·新歌']
逵逵爱唱歌（KuiKui）/薯片啾啾,1,0,,1,['巅峰榜·新歌']
逵逵爱唱歌（KuiKui）/田如一,1,0,,1,['巅峰榜·新歌']
逵逵爱唱歌（KuiKui）/徐梦圆,1,0,,1,"['巅峰榜·流行指数', '巅峰榜·新歌']"
逵逵爱唱歌（KuiKui）,3,0,,3,"['巅峰榜·新歌', '巅峰榜·内地']"
透明教室与平行女孩,2,0,,2,['巅峰榜·内地']
逃跑计划/和平精英,1,0,,1,['巅峰榜·新歌']
逃跑计划,2,0,,3,"['巅峰榜·热歌', '巅峰榜·流行指数']"
退化立场,1,0,,1,['巅峰榜·内地']
迷心 (Lost Soul Paradise),2,0,,2,['巅峰榜·内地']
迟里乌布/Morerare,1,0,,1,['巅峰榜·流行指数']
连冠,1,0,,1,['巅峰榜·新歌']
达达乐队,1,0,,1,['巅峰榜·内地']
辰默,2,0,,2,['巅峰榜·新歌']
邹沛沛,1,0,,1,"['巅峰榜·新歌', '巅峰榜·内地']"
邹晓熹,1,0,,1,['巅峰榜·新歌']
邵帅,3,0,,3,['巅峰榜·流行指数']
那英/魏如萱/华晨宇/马嘉祺,1,0,,1,['巅峰榜·流行指数']
那英,2,0,,2,['巅峰榜·流行指数']
那奇沃夫/Prodby玉/TingleM,1,0,,1,['巅峰榜·内地']
那吾克热-NW,1,0,,1,['巅峰榜·内地']
那可,1,0,,1,"['巅峰榜·流行指数', '巅峰榜·新歌']"
邢万来(Ava)/少司命,1,0,,1,['巅峰榜·内地']
邓轩,1,0,,1,"['巅峰榜·流行指数', '巅峰榜·新歌']"
邓见超,3,0,,3,['巅峰榜·内地']
邓泽鸣/杜天宇/刘俊昊/桥本裕太,1,0,,1,['巅峰榜·流行指数']
邓岳章,5,0,,4,"['巅峰榜·流行指数', '巅峰榜·新歌']"
邓寓君(等什么君)/我是大东家,1,0,,1,['巅峰榜·新歌']
邓寓君(等什么君),4,0,,5,"['巅峰榜·热歌', '巅峰榜·流行指数', '巅峰榜·新歌']"
邓典果DDG,1,0,,1,['巅峰榜·内地']
郭彪,1,0,,1,"['巅峰榜·流行指数', '巅峰榜·新歌']"
郭子阳/幼米儿歌/哆咪儿歌,1,0,,1,['巅峰榜·内地']
郭冠廷/芮雪,1,0,,1,"['巅峰榜·流行指数', '巅峰榜·新歌']"
郭冠廷,1,0,,1,['巅峰榜·新歌']
郑鱼,3,0,,4,"['巅峰榜·流行指数', '巅峰榜·新歌']"
郑闯,2,0,,2,"['巅峰榜·流行指数', '巅峰榜·新歌', '巅峰榜·内地']"
郑畅业,1,0,,1,"['巅峰榜·流行指数', '巅峰榜·新歌']"
郑添媛,2,0,,2,"['巅峰榜·流行指数', '巅峰榜·新歌']"
郑润泽,3,0,,9,"['巅峰榜·热歌', '巅峰榜·流行指数', '巅峰榜·新歌']"
郑浩,3,0,,3,"['巅峰榜·流行指数', '巅峰榜·新歌']"
郑欣宜,2,0,,1,['巅峰榜·流行指数']
郑兴,2,0,,2,['巅峰榜·内地']
郑中基,1,0,,3,"['巅峰榜·热歌', '巅峰榜·流行指数']"
郁可唯/王者荣耀,1,0,,1,"['巅峰榜·热歌', '巅峰榜·流行指数', '巅峰榜·新歌']"
郁可唯,2,0,,3,"['巅峰榜·热歌', '巅峰榜·流行指数', '巅峰榜·新歌']"
邹沛沛/Pank,1,0,,1,"['巅峰榜·流行指数', '巅峰榜·新歌']"
金志文,2,0,,2,"['巅峰榜·流行指数', '巅峰榜·新歌']"
金圣圭 (김성규),1,0,,1,"['巅峰榜·流行指数', '巅峰榜·新歌']"
野肆乐队,1,0,,1,['巅峰榜·内地']
野哥,1,0,,1,['巅峰榜·新歌']
里外,2,0,,2,['巅峰榜·新歌']
醒山AwakeMountains,1,0,,1,['巅峰榜·内地']
酷奇,1,0,,1,['巅峰榜·内地']
酥糖Yuki/Sonw,1,0,,1,['巅峰榜·内地']
酒归,1,0,,1,['巅峰榜·流行指数']
都智文,2,0,,2,"['巅峰榜·流行指数', '巅峰榜·新歌']"
郭顶,3,0,,11,"['巅峰榜·热歌', '巅峰榜·流行指数']"
郭静,3,0,,5,"['巅峰榜·热歌', '巅峰榜·流行指数']"
郭雨昂,1,0,,1,['巅峰榜·新歌']
郭镐鸣,1,0,,1,['巅峰榜·新歌']
郭采洁,1,0,,2,"['巅峰榜·热歌', '巅峰榜·流行指数']"
郭沁,1,0,,1,['巅峰榜·流行指数']
银赫 (은혁)/孝渊 (HYO)/泰容 (태용)/渽民 (재민),1,0,,1,['巅峰榜·新歌']
银河快递 (Galaxy Express),4,0,,4,"['巅峰榜·流行指数', '巅峰榜·新歌', '巅峰榜·内地']"
银临/Aki阿杰,1,0,,1,['巅峰榜·流行指数']
银临,1,0,,1,['巅峰榜·新歌']
铭zzzzzzzm/说唱者联盟,1,0,,1,['巅峰榜·内地']
铁人METAL/NewMan.G,1,0,,1,['巅峰榜·内地']
钱润玉Runyu/Sweater Beats,1,0,,1,['巅峰榜·内地']
钱润玉Runyu,4,0,,4,['巅峰榜·内地']
钟声,1,0,,1,['巅峰榜·内地']
金钰晨,1,0,,1,"['巅峰榜·流行指数', '巅峰榜·新歌']"
金钰双双,1,0,,1,['巅峰榜·新歌']
金車厘子,1,0,,1,['巅峰榜·内地']
金艺德,1,0,,1,['巅峰榜·内地']
金渔,2,0,,2,['巅峰榜·流行指数']
金润吉,5,0,,4,"['巅峰榜·热歌', '巅峰榜·流行指数', '巅峰榜·新歌']"
金志文/李雪琴/孟鹤堂,1,0,,1,['巅峰榜·新歌']
阿YueYue,4,0,,5,"['巅峰榜·流行指数', '巅峰榜·新歌']"
阮成武/Radog,1,0,,1,['巅峰榜·内地']
阮妍霏,2,0,,2,"['巅峰榜·流行指数', '巅峰榜·新歌']"
队长的小斑鸠/夏以岛,1,0,,1,['巅峰榜·新歌']
队长的小斑鸠,1,0,,1,['巅峰榜·新歌']
队长/黄礼格,2,0,,2,"['巅峰榜·热歌', '巅峰榜·新歌', '巅峰榜·内地']"
队长/鹿晗,1,0,,1,['巅峰榜·新歌']
队长/叶琼琳,1,0,,1,['巅峰榜·新歌']
队长,3,0,,7,"['巅峰榜·热歌', '巅峰榜·流行指数', '巅峰榜·新歌', '巅峰榜·内地']"
闻人听書_,1,0,,2,['巅峰榜·流行指数']
问题总部/WADE DAO,1,0,,1,['巅峰榜·内地']
闭文思,2,0,,2,"['巅峰榜·流行指数', '巅峰榜·新歌']"
闫明琛,1,0,,1,['巅峰榜·内地']
闪星TwinkleStar,2,0,,2,['巅峰榜·内地']
门尼,1,0,,1,['巅峰榜·内地']
锤娜丽莎,1,0,,9,"['巅峰榜·热歌', '巅峰榜·流行指数']"
阿淮,1,0,,1,['巅峰榜·新歌']
阿水,1,0,,1,['巅峰榜·流行指数']
阿梨粤,2,0,,8,"['巅峰榜·热歌', '巅峰榜·流行指数', '巅峰榜·新歌']"
阿桑,1,0,,9,"['巅峰榜·热歌', '巅峰榜·流行指数']"
阿杜,1,0,,1,['巅峰榜·流行指数']
阿斌斌,2,0,,1,"['巅峰榜·流行指数', '巅峰榜·新歌']"
阿拉梅,1,0,,1,"['巅峰榜·流行指数', '巅峰榜·新歌', '巅峰榜·内地']"
阿悠悠,1,0,,1,['巅峰榜·新歌']
阿吉野马,2,0,,1,['巅峰榜·新歌']
阿吉太组合,1,0,,1,['巅峰榜·流行指数']
阿力普,1,0,,1,['巅峰榜·内地']
阿冗,2,0,,3,['巅峰榜·流行指数']
阿修罗,1,0,,1,['巅峰榜·内地']
阿YueYue/镜予歌,1,0,,1,['巅峰榜·新歌']
阿YueYue/戾格/小田音乐社,1,0,,1,['巅峰榜·流行指数']
阿YueYue/刘兆宇,1,0,,4,"['巅峰榜·热歌', '巅峰榜·流行指数', '巅峰榜·新歌']"
陈以诺Sarah/R.Fia任菲菲,1,0,,1,['巅峰榜·内地']
陈亦洺,2,0,,2,"['巅峰榜·流行指数', '巅峰榜·内地']"
陈亦云,3,0,,3,['巅峰榜·内地']
陈之,1,0,,1,['巅峰榜·流行指数']
陈一豪Clear,1,0,,1,['巅峰榜·流行指数']
陆虎,7,0,,5,"['巅峰榜·流行指数', '巅峰榜·新歌']"
陆杰awr,8,0,,7,"['巅峰榜·流行指数', '巅峰榜·新歌']"
陆政廷Lil Jet/梁笑生AIRBUS130,1,0,,1,['巅峰榜·内地']
陆政廷Lil Jet,1,0,,1,['巅峰榜·内地']
陆小九/ProdbyMend,1,0,,1,['巅峰榜·新歌']
陆定昊/付思超/李洛尔Zok/荣耀,2,0,,1,"['巅峰榜·流行指数', '巅峰榜·新歌']"
陆子昂,2,0,,2,"['巅峰榜·流行指数', '巅峰榜·内地']"
陆66,1,0,,1,['巅峰榜·内地']
阿肆,2,0,,2,"['巅峰榜·热歌', '巅峰榜·流行指数']"
阿禹ayy,3,0,,3,"['巅峰榜·流行指数', '巅峰榜·新歌']"
阿狸,1,0,,1,['巅峰榜·内地']
陈子夜/常超凡,1,0,,1,"['巅峰榜·流行指数', '巅峰榜·新歌']"
陈婧霏,2,0,,2,['巅峰榜·内地']
陈婉菁,1,0,,1,['巅峰榜·热歌']
陈奕迅,14,0,,18,"['巅峰榜·热歌', '巅峰榜·流行指数', '巅峰榜·新歌']"
陈墨一（吖毛）/Astera-申凯,1,0,,1,['巅峰榜·新歌']
陈墨一（吖毛）,2,0,,2,"['巅峰榜·流行指数', '巅峰榜·新歌']"
陈卓璇,1,0,,1,"['巅峰榜·流行指数', '巅峰榜·新歌']"
陈华耀,1,0,,1,['巅峰榜·流行指数']
陈势安,1,0,,2,['巅峰榜·热歌']
陈冰/艾热AIR,1,0,,1,['巅峰榜·流行指数']
陈冯/Muyoi,1,0,,1,['巅峰榜·内地']
陈冯,1,0,,1,['巅峰榜·内地']
陈冠希/MC仁/厨房仔/应采儿,1,0,,3,"['巅峰榜·热歌', '巅峰榜·流行指数']"
陈信喆,1,0,,1,"['巅峰榜·流行指数', '巅峰榜·新歌']"
陈俊彤,1,0,,1,['巅峰榜·新歌']
陈伟霆,1,0,,1,['巅峰榜·热歌']
陈炬,1,0,,1,['巅峰榜·内地']
陈浩东,3,0,,3,['巅峰榜·内地']
陈泇伊,1,0,,1,['巅峰榜·新歌']
陈楚生/王赫野,1,0,,1,['巅峰榜·流行指数']
陈楚生/吉克隽逸,1,0,,1,['巅峰榜·流行指数']
陈楚生,9,0,,9,"['巅峰榜·热歌', '巅峰榜·流行指数', '巅峰榜·新歌', '巅峰榜·内地']"
陈柯霓 (CHENge),2,0,,2,"['巅峰榜·流行指数', '巅峰榜·新歌']"
陈柏宇,1,0,,9,"['巅峰榜·热歌', '巅峰榜·流行指数']"
陈曼曼,1,0,,1,['巅峰榜·新歌']
陈文非,1,0,,1,['巅峰榜·流行指数']
陈戈平,1,0,,1,['巅峰榜·内地']
陈慧娴,2,0,,2,"['巅峰榜·热歌', '巅峰榜·流行指数']"
陈小蔚,1,0,,1,['巅峰榜·新歌']
陈小满/孙才垣,1,0,,1,['巅峰榜·新歌']
陈小满,2,0,,2,['巅峰榜·流行指数']
陈子晴,6,0,,4,"['巅峰榜·热歌', '巅峰榜·流行指数', '巅峰榜·新歌']"
陶九,1,0,,1,['巅峰榜·新歌']
陈默之,1,0,,1,['巅峰榜·新歌']
陈麒名,1,0,,1,['巅峰榜·内地']
陈鸿宇,2,0,,2,['巅峰榜·内地']
陈雪燃,1,0,,1,['巅峰榜·流行指数']
陈雪凝,4,0,,4,['巅峰榜·内地']
陈锬翔,1,0,,1,['巅峰榜·新歌']
陈舒岩,1,0,,1,['巅峰榜·新歌']
陈耀斌,3,0,,3,['巅峰榜·内地']
陈绮贞,2,0,,3,"['巅峰榜·热歌', '巅峰榜·流行指数']"
陈粒,3,0,,3,"['巅峰榜·热歌', '巅峰榜·流行指数', '巅峰榜·新歌', '巅峰榜·内地']"
陈童言,2,0,,2,['巅峰榜·内地']
陈立农,7,0,,1,['巅峰榜·新歌']
陈硕子,2,0,,2,['巅峰榜·内地']
陈睿凡/殷海燕/JigglePuff,1,0,,1,['巅峰榜·内地']
陈燕姿,1,0,,1,['巅峰榜·内地']
青鸟飞鱼,1,0,,10,"['巅峰榜·热歌', '巅峰榜·流行指数']"
青春有你3,1,0,,1,['巅峰榜·新歌']
青川,1,0,,1,['巅峰榜·新歌']
青KonA.,1,0,,1,['巅峰榜·内地']
霓虹之下/Majin,1,0,,1,"['巅峰榜·流行指数', '巅峰榜·新歌']"
霍尊,1,0,,1,['巅峰榜·新歌']
霄磊,1,0,,1,"['巅峰榜·流行指数', '巅峰榜·新歌']"
雷雨心,2,0,,2,['巅峰榜·内地']
雷昊CuriousLH,1,0,,1,['巅峰榜·内地']
零一九零贰,1,0,,1,['巅峰榜·新歌']
雪二,2,0,,3,['巅峰榜·流行指数']
雨荷,1,0,,1,['巅峰榜·内地']
雅卿/可乐(可唯幂),1,0,,1,['巅峰榜·内地']
难猜,1,0,,1,['巅峰榜·流行指数']
隆历奇/法老,1,0,,1,['巅峰榜·内地']
陶喆,6,0,,12,"['巅峰榜·热歌', '巅峰榜·流行指数']"
顾小洁,1,0,,1,['巅峰榜·流行指数']
音阙诗听/锦零,1,0,,1,['巅峰榜·流行指数']
音阙诗听/赵方婧,1,0,,1,['巅峰榜·流行指数']
音阙诗听,1,0,,2,"['巅峰榜·热歌', '巅峰榜·流行指数']"
音豪,1,0,,1,['巅峰榜·流行指数']
音格概念/逸霄,1,0,,1,['巅峰榜·流行指数']
韩磊,1,0,,1,"['巅峰榜·流行指数', '巅峰榜·新歌']"
韩瞳,1,0,,1,"['巅峰榜·新歌', '巅峰榜·内地']"
韩帅奇,1,0,,1,['巅峰榜·新歌']
韩尚霏,1,0,,1,['巅峰榜·新歌']
韩小欠,3,0,,3,"['巅峰榜·热歌', '巅峰榜·流行指数', '巅峰榜·新歌']"
韩可可,2,0,,1,"['巅峰榜·热歌', '巅峰榜·流行指数']"
韦雄,1,0,,1,['巅峰榜·流行指数']
韦礼安,1,0,,8,"['巅峰榜·热歌', '巅峰榜·流行指数']"
鞠文娴/章智捷/蒋嘉阳/七元,1,0,,1,['巅峰榜·流行指数']
鞠婧祎,1,0,,1,['巅峰榜·新歌']
马嘉祺/宋亚轩/张真源,1,0,,1,['巅峰榜·新歌']
马嘉祺,2,0,,2,['巅峰榜·新歌']
马健涛,7,0,,5,"['巅峰榜·热歌', '巅峰榜·流行指数', '巅峰榜·新歌']"
马修,1,0,,1,"['巅峰榜·流行指数', '巅峰榜·新歌']"
马亚伟,1,0,,1,['巅峰榜·内地']
香皂泡,1,0,,2,"['巅峰榜·流行指数', '巅峰榜·新歌']"
饭卡/阿萨Aza,1,0,,1,['巅峰榜·内地']
饭卡/WILLIM缪维霖,1,0,,1,['巅峰榜·内地']
饭卡/SIENA,1,0,,1,['巅峰榜·内地']
饭卡,1,0,,1,['巅峰榜·内地']
飞行少年,2,0,,2,['巅峰榜·内地']
额尔古纳乐队,1,0,,1,['巅峰榜·内地']
颜人中,6,0,,5,"['巅峰榜·热歌', '巅峰榜·流行指数', '巅峰榜·新歌']"
颜RZ,1,0,,1,"['巅峰榜·流行指数', '巅峰榜·新歌']"
预言乐团Predict,1,0,,1,['巅峰榜·内地']
顾灿阳/郑子午,1,0,,1,['巅峰榜·内地']
鬼否,2,0,,2,['巅峰榜·内地']
鬼卞/解语花/Anti-General/王者荣耀,1,0,,1,['巅峰榜·内地']
高鱼,1,0,,1,['巅峰榜·流行指数']
高睿,1,0,,1,"['巅峰榜·流行指数', '巅峰榜·新歌']"
高旭/刘思达,1,0,,1,['巅峰榜·内地']
高天佐Trouble.Z/Ice Paper,1,0,,1,"['巅峰榜·流行指数', '巅峰榜·新歌']"
高天佐Trouble.Z,1,0,,1,['巅峰榜·新歌']
高啊当/V+,1,0,,1,['巅峰榜·内地']
驼儿/说唱者联盟,1,0,,1,['巅峰榜·内地']
驼儿,2,0,,2,['巅峰榜·内地']
马赛克乐队,1,0,,1,['巅峰榜·内地']
马英杰,1,0,,1,['巅峰榜·内地']
马琪龙,1,0,,1,['巅峰榜·内地']
马格南MAGNUM,1,0,,1,['巅峰榜·内地']
马安（AN）/KIKI ZHANG,1,0,,1,['巅峰榜·内地']
马天牧,1,0,,1,['巅峰榜·内地']
鹿晗/黄子韬,1,0,,2,['巅峰榜·流行指数']
鹿晗,7,0,,6,"['巅峰榜·热歌', '巅峰榜·流行指数', '巅峰榜·新歌']"
鹿晓希LUCY,1,0,,1,"['巅峰榜·流行指数', '巅峰榜·新歌']"
鹭卓,1,0,,1,"['巅峰榜·流行指数', '巅峰榜·新歌']"
鹤The Crane/ØZI陈惟凡,1,0,,1,['巅峰榜·内地']
鹏鹏音乐/思佳,1,0,,1,['巅峰榜·流行指数']
鳄梨帕克Early Park,1,0,,1,['巅峰榜·内地']
鱼闪闪BLING,2,0,,2,['巅峰榜·新歌']
魚條 Fish Stick,1,0,,1,['巅峰榜·内地']
魏靖坤/MIngYiii,1,0,,1,['巅峰榜·内地']
魏靖坤,1,0,,1,['巅峰榜·内地']
魏诗莹（Wishbao）,1,0,,1,['巅峰榜·内地']
魏晗（懋懋）,2,0,,2,"['巅峰榜·流行指数', '巅峰榜·新歌']"
魏大勋,1,0,,1,['巅峰榜·新歌']
魏佳艺,11,0,,7,"['巅峰榜·流行指数', '巅峰榜·新歌']"
魂老师,1,0,,1,"['巅峰榜·流行指数', '巅峰榜·新歌']"
黄毅宁Lil Aitch/CShanE 曹星奕,1,0,,1,['巅峰榜·内地']
黄旭/step.jad依加,1,0,,1,['巅峰榜·内地']
黄文文,2,0,,2,"['巅峰榜·流行指数', '巅峰榜·新歌', '巅峰榜·内地']"
黄小琥,1,0,,2,['巅峰榜·热歌']
黄小岛,1,0,,1,['巅峰榜·内地']
黄子韬/徐艺洋/石玺彤,1,0,,1,['巅峰榜·新歌']
黄子韬,3,0,,2,"['巅峰榜·流行指数', '巅峰榜·新歌']"
黄子芮,1,0,,1,['巅峰榜·新歌']
黄子弘凡/刘凤瑶,1,0,,1,['巅峰榜·流行指数']
黄子弘凡,2,0,,2,['巅峰榜·新歌']
黄唯铭,1,0,,1,['巅峰榜·内地']
麻辣三姑妈,1,0,,1,"['巅峰榜·流行指数', '巅峰榜·新歌']"
麻园诗人,2,0,,2,['巅峰榜·内地']
麦小兜,1,0,,1,['巅峰榜·新歌']
麓七,1,0,,1,"['巅峰榜·流行指数', '巅峰榜·新歌']"
麋先生,1,0,,1,"['巅峰榜·流行指数', '巅峰榜·新歌']"
2-DO,1,0,,1,"['巅峰榜·热歌', '巅峰榜·流行指数']"
요아리 (YOARI),1,0,,1,"['巅峰榜·流行指数', '巅峰榜·新歌']"
범규 (崔杋圭),1,0,,1,"['巅峰榜·流行指数', '巅峰榜·新歌']"
림킴 (김예림) (Lim Kim),1,0,,1,['巅峰榜·流行指数']
던 (DAWN),1,0,,1,['巅峰榜·新歌']
다영 (DAYOUNG) (任多荣),1,0,,1,['巅峰榜·新歌']
龙翼,1,0,,1,['巅峰榜·新歌']
龙梅子,1,0,,1,['巅峰榜·流行指数']
龍錦乐队,1,0,,1,['巅峰榜·内地']
齐奕同/董子龙/M&K/Taisheng Music,1,0,,1,['巅峰榜·内地']
齐修远,1,0,,1,['巅峰榜·新歌']
齐一,1,0,,1,['巅峰榜·热歌']
默言,1,0,,1,['巅峰榜·流行指数']
黑豆ado,2,0,,2,"['巅峰榜·流行指数', '巅峰榜·新歌']"
黑白柳钉,1,0,,1,['巅峰榜·内地']
黑崎子,1,0,,1,['巅峰榜·流行指数']
947.ASH/MuMu,1,0,,1,['巅峰榜·内地']
947.ASH,1,0,,1,['巅峰榜·内地']
8点组乐团,2,0,,2,['巅峰榜·内地']
7paste/live_nine,1,0,,2,"['巅峰榜·热歌', '巅峰榜·流行指数']"
7paste,2,0,,2,['巅峰榜·新歌']
7Years,4,0,,2,"['巅峰榜·流行指数', '巅峰榜·新歌']"
7Captain/Crush_,1,0,,1,['巅峰榜·新歌']
7Captain/7paste,1,0,,1,['巅峰榜·新歌']
6:66,1,0,,1,['巅峰榜·内地']
670,1,0,,1,['巅峰榜·内地']
4EVER,1,0,,1,['巅峰榜·内地']
4*TOWN/Jordan Fisher/Finneas O'Connell/Josh Levi,1,0,,1,"['巅峰榜·流行指数', '巅峰榜·新歌']"
3Y,1,0,,1,['巅峰榜·内地']
2amDizzy/正五SPYRO/噜啦璐,1,0,,1,['巅峰榜·内地']
2amDizzy,1,0,,1,['巅峰榜·内地']
2PM (투피엠),1,0,,1,"['巅峰榜·流行指数', '巅峰榜·新歌']"
