artist_names,歌曲数,总播放量,平均热度,上榜周数,平均排名,流派,总播放量_万,id
Ed Sheeran,24,7995366959,0.3915,221,112.2,流行,799536.7,artist_00000
Billie Eilish,28,6953205640,0.3826,141,99.7,流行,695320.56,artist_00001
Ariana Grande,47,6692521017,0.3807,183,77.3,流行,669252.1,artist_00002
Drake,70,6452855375,0.3032,204,89.7,说唱,645285.54,artist_00003
Post Malone,41,6230087971,0.3711,215,90.3,说唱,623008.8,artist_00004
XXXTENTACION,41,6078788384,0.3901,214,112.5,说唱,607878.84,artist_00005
Dua Lipa,20,4602453404,0.4154,189,72.2,流行,460245.34,artist_00006
Travis Scott,21,4552855457,0.3768,221,99.4,说唱,455285.55,artist_00007
The Weeknd,34,4286559106,0.3532,121,79.1,说唱,428655.91,artist_00008
Juice WRLD,46,4121542584,0.2538,152,95.7,说唱,412154.26,artist_00009
Imagine Dragons,34,3833982832,0.2743,216,96.9,摇滚,383398.28,artist_00010
Harry Styles,26,3255107945,0.4208,114,81.8,流行,325510.79,artist_00011
Lewis Capaldi,7,3018959977,0.4481,118,63.4,流行,301896.0,artist_00012
Taylor Swift,81,2751216389,0.3289,104,90.9,流行,275121.64,artist_00013
Shawn Mendes,27,2442662418,0.1862,187,111.6,流行,244266.24,artist_00014
Bad Bunny,35,2357196169,0.3517,120,91.9,说唱,235719.62,artist_00015
Tones And I,4,2304272008,0.4123,90,49.8,流行,230427.2,artist_00016
Khalid,21,2242836638,0.3856,154,94.2,流行,224283.66,artist_00017
Queen,16,2153415494,0.3883,136,122.8,摇滚,215341.55,artist_00018
Sam Smith,26,2094462927,0.3369,163,110.0,流行,209446.29,artist_00019
"Post Malone, 21 Savage",4,2075830835,0.3869,172,73.3,说唱,207583.08,artist_00020
Maluma,12,2033169184,0.2859,180,77.1,说唱,203316.92,artist_00021
Halsey,13,1997222797,0.3489,165,91.8,流行,199722.28,artist_00022
Lil Uzi Vert,35,1981523800,0.35,157,103.0,说唱,198152.38,artist_00023
"Post Malone, Swae Lee",6,1941311081,0.4241,140,45.0,说唱,194131.11,artist_00024
"Shawn Mendes, Camila Cabello",3,1778708944,0.4812,94,47.8,流行,177870.89,artist_00025
James Arthur,6,1759768119,0.4087,219,115.1,流行,175976.81,artist_00026
Ozuna,18,1745179547,0.2421,160,104.7,流行,174517.95,artist_00027
Kendrick Lamar,13,1653225109,0.4015,94,94.8,说唱,165322.51,artist_00028
BTS,56,1652049554,0.1092,67,82.0,流行,165204.96,artist_00029
Ava Max,10,1645961348,0.1035,126,92.5,流行,164596.13,artist_00030
J Balvin,18,1622471679,0.2839,136,106.9,说唱,162247.17,artist_00031
Justin Bieber,26,1482417262,0.2177,109,104.6,流行,148241.73,artist_00032
"Lady Gaga, Bradley Cooper",3,1455795340,0.4403,132,65.1,流行,145579.53,artist_00033
Selena Gomez,19,1439673145,0.2941,99,85.0,流行,143967.31,artist_00034
"Billie Eilish, Khalid",2,1333390087,0.4212,155,66.9,流行,133339.01,artist_00035
"Marshmello, Bastille",1,1317354189,0.4445,117,72.3,流行,131735.42,artist_00036
"Camila Cabello, Young Thug",2,1305095150,0.3636,114,84.8,流行,130509.52,artist_00037
Maroon 5,5,1283385711,0.1954,103,70.4,流行,128338.57,artist_00038
5 Seconds of Summer,10,1281739439,0.3497,126,101.3,流行,128173.94,artist_00039
Lil Nas X,9,1256190438,0.3568,68,66.2,说唱,125619.04,artist_00040
"Ed Sheeran, Justin Bieber",2,1235311695,0.4266,89,71.0,流行,123531.17,artist_00041
Lauv,12,1228815844,0.239,172,125.0,流行,122881.58,artist_00042
Jonas Brothers,8,1225647647,0.3466,72,96.8,流行,122564.76,artist_00043
"The Chainsmokers, Coldplay",1,1222038243,0.4236,159,129.8,流行,122203.82,artist_00044
"SAINt JHN, Imanbek",4,1210639824,0.4364,69,32.3,说唱,121063.98,artist_00045
Doja Cat,5,1197046856,0.4227,71,79.9,流行,119704.69,artist_00046
Roddy Ricch,1,1193107656,0.4763,69,48.0,说唱,119310.77,artist_00047
Bruno Mars,5,1152732192,0.405,86,109.6,流行,115273.22,artist_00048
"Maroon 5, Cardi B",2,1086166262,0.3983,100,81.0,流行,108616.63,artist_00049
"DaBaby, Roddy Ricch",2,1073176232,0.4948,51,22.8,说唱,107317.62,artist_00050
"The Weeknd, Daft Punk",3,1072706423,0.2306,78,102.9,说唱,107270.64,artist_00051
Arizona Zervas,3,1035307447,0.4225,69,73.2,流行,103530.74,artist_00052
Camila Cabello,19,1029815596,0.3433,87,92.6,流行,102981.56,artist_00053
"Lil Nas X, Billy Ray Cyrus",2,1010618722,0.3718,68,66.8,说唱,101061.87,artist_00054
Pop Smoke,10,1001237678,0.41,56,98.8,流行,100123.77,artist_00055
"Luis Fonsi, Daddy Yankee, Justin Bieber",2,992638409,0.124,62,78.0,流行,99263.84,artist_00056
Trevor Daniel,2,992574536,0.1161,73,62.6,说唱,99257.45,artist_00057
"KAROL G, Nicki Minaj",2,992537931,0.4369,72,62.9,流行,99253.79,artist_00058
"The Chainsmokers, Halsey",1,991530759,0.4113,160,133.1,流行,99153.08,artist_00059
"benny blanco, Halsey, Khalid",2,979529313,0.4095,95,76.8,流行,97952.93,artist_00060
Charlie Puth,5,961741653,0.1124,61,70.2,流行,96174.17,artist_00061
"Post Malone, Quavo",1,960785189,0.4136,125,98.5,说唱,96078.52,artist_00062
Lil Mosey,4,953670291,0.3,89,77.7,说唱,95367.03,artist_00063
J. Cole,19,943083733,0.364,78,104.7,说唱,94308.37,artist_00064
Dean Lewis,4,921315238,0.374,123,120.5,流行,92131.52,artist_00065
BLACKPINK,14,918552676,0.2867,68,101.1,流行,91855.27,artist_00066
"Post Malone, Ty Dolla $ign",3,911952857,0.3857,80,86.4,说唱,91195.29,artist_00067
The Chainsmokers,17,911716023,0.2665,68,88.1,流行,91171.6,artist_00068
"Cardi B, Bad Bunny, J Balvin",1,908062879,0.4303,74,65.2,流行,90806.29,artist_00069
"Powfu, beabadoobee",1,904257131,0.4685,60,42.6,说唱,90425.71,artist_00070
"24kGoldn, iann dior",2,896849902,0.2686,35,11.9,说唱,89684.99,artist_00071
"DJ Snake, Selena Gomez, Ozuna, Cardi B",3,896064520,0.4297,62,72.2,流行,89606.45,artist_00072
Bazzi,12,895147416,0.2703,95,105.8,流行,89514.74,artist_00073
DaBaby,8,883978734,0.359,65,101.2,说唱,88397.87,artist_00074
Eminem,33,882844773,0.2655,72,130.8,说唱,88284.48,artist_00075
Panic! At The Disco,7,881272163,0.4018,101,101.0,摇滚,88127.22,artist_00076
"Ed Sheeran, Khalid",2,871066452,0.4088,71,73.6,流行,87106.65,artist_00077
blackbear,6,866868695,0.0838,102,108.4,流行,86686.87,artist_00078
"J Balvin, Bad Bunny",7,852488403,0.4241,56,87.5,说唱,85248.84,artist_00079
"Calvin Harris, Dua Lipa",1,851174897,0.4704,72,85.4,流行,85117.49,artist_00080
"French Montana, Swae Lee",2,833845200,0.3827,76,77.5,说唱,83384.52,artist_00081
Lil Tecca,11,833691949,0.2737,60,90.4,说唱,83369.19,artist_00082
Danny Ocean,3,826310123,0.3803,83,88.6,流行,82631.01,artist_00083
KAROL G,6,816546884,0.3875,54,65.4,流行,81654.69,artist_00084
21 Savage,15,810481541,0.2721,81,92.5,说唱,81048.15,artist_00085
Cardi B,11,809443143,0.3448,83,86.2,流行,80944.31,artist_00086
Regard,1,766846139,0.4165,83,82.6,流行,76684.61,artist_00087
"Daddy Yankee, Snow",1,759270487,0.4431,55,65.9,说唱,75927.05,artist_00088
"Luis Fonsi, Daddy Yankee",1,758965513,0.0983,60,63.9,流行,75896.55,artist_00089
Paulo Londra,8,756278237,0.3445,58,88.8,说唱,75627.82,artist_00090
"Zedd, Maren Morris, Grey",2,741276314,0.3369,82,98.0,流行,74127.63,artist_00091
"Cardi B, Megan Thee Stallion",1,735135876,0.5039,35,24.6,流行,73513.59,artist_00092
Miley Cyrus,14,733195908,0.2356,73,98.6,流行,73319.59,artist_00093
"Future, Drake",3,724466386,0.3874,71,88.5,说唱,72446.64,artist_00094
"Marshmello, Anne-Marie",1,714909410,0.4204,67,86.5,流行,71490.94,artist_00095
Anne-Marie,6,709608015,0.3362,102,104.6,流行,70960.8,artist_00096
Rita Ora,5,708358727,0.3344,78,85.1,流行,70835.87,artist_00097
"J Balvin, Willy William",2,706794515,0.147,57,77.6,说唱,70679.45,artist_00098
"Jawsh 685, Jason Derulo",1,703933547,0.452,43,45.2,流行,70393.35,artist_00099
"Sam Smith, Normani",2,702710293,0.3991,76,94.6,流行,70271.03,artist_00100
"Khalid, Disclosure",3,696345422,0.3783,71,76.6,流行,69634.54,artist_00101
"Justin Bieber, Quavo",2,691205244,0.4253,54,71.6,流行,69120.52,artist_00102
Childish Gambino,4,690342210,0.1438,87,106.8,说唱,69034.22,artist_00103
"Tyga, Offset",2,690276332,0.3924,67,76.5,流行,69027.63,artist_00104
Lizzo,6,689470859,0.3263,45,80.4,说唱,68947.09,artist_00105
"Post Malone, Young Thug",2,689215910,0.1437,54,72.2,说唱,68921.59,artist_00106
"Bebe Rexha, Florida Georgia Line",2,688386937,0.3778,87,97.5,流行,68838.69,artist_00107
"Bad Bunny, Drake",1,688289134,0.4394,51,65.3,说唱,68828.91,artist_00108
Mariah Carey,2,688017621,0.4461,32,63.4,流行,68801.76,artist_00109
"Pedro Capó, Farruko",1,687647813,0.4017,61,69.2,流行,68764.78,artist_00110
"Marshmello, Khalid",1,681892436,0.4235,71,93.1,流行,68189.24,artist_00111
Demi Lovato,9,678415770,0.0989,64,98.8,流行,67841.58,artist_00112
"Dynoro, Gigi D'Agostino",1,676704919,0.4153,66,77.7,电子,67670.49,artist_00113
"Anuel AA, Daddy Yankee, KAROL G, J Balvin, Ozuna",1,660951538,0.4352,45,51.0,说唱,66095.15,artist_00114
Lady Gaga,18,655379201,0.2429,84,108.5,流行,65537.92,artist_00115
"Internet Money, Gunna, Don Toliver, NAV",3,653461308,0.4649,34,20.2,流行,65346.13,artist_00116
"Topic, A7S",1,651831785,0.4228,55,53.3,流行,65183.18,artist_00117
"Maroon 5, SZA",4,651050835,0.178,68,98.0,流行,65105.08,artist_00118
"DJ Khaled, Justin Bieber, Quavo, Chance the Rapper, Lil Wayne",3,649674044,0.4003,49,80.0,说唱,64967.4,artist_00119
Ali Gatie,3,638456940,0.3022,62,87.1,说唱,63845.69,artist_00120
"ZAYN, Taylor Swift",1,631164772,0.0733,64,88.0,流行,63116.48,artist_00121
"Bad Bunny, Tainy",1,630293953,0.4318,53,65.4,说唱,63029.4,artist_00122
Twenty One Pilots,20,625461962,0.3645,53,131.8,摇滚,62546.2,artist_00123
"Kygo, Selena Gomez",1,620959102,0.4191,52,76.9,电子,62095.91,artist_00124
Future,10,616462623,0.3147,63,91.9,说唱,61646.26,artist_00125
Michael Bublé,6,615835403,0.3083,23,82.5,流行,61583.54,artist_00126
"Eminem, Juice WRLD",1,611415432,0.4318,64,106.4,说唱,61141.54,artist_00127
"Y2K, bbno$",2,610441444,0.397,56,67.6,流行,61044.14,artist_00128
John Legend,4,609503674,0.3339,114,163.8,流行,60950.37,artist_00129
Julia Michaels,7,608753646,0.1296,66,98.9,流行,60875.36,artist_00130
Niall Horan,11,607179010,0.1175,67,101.6,流行,60717.9,artist_00131
Olivia Rodrigo,2,605790261,0.4241,13,3.2,流行,60579.03,artist_00132
"Logic, Alessia Cara, Khalid",1,605458426,0.4097,60,71.5,说唱,60545.84,artist_00133
"Selena Gomez, Marshmello",2,586228775,0.2057,57,93.3,流行,58622.88,artist_00134
Conan Gray,3,583369526,0.3859,55,93.8,流行,58336.95,artist_00135
"Nio Garcia, Casper Magico, Bad Bunny, Darell, Ozuna, Nicky Jam",1,580565818,0.419,53,72.5,说唱,58056.58,artist_00136
"Black Eyed Peas, J Balvin",2,579778398,0.3745,48,67.9,流行,57977.84,artist_00137
NF,9,573675564,0.1897,56,91.4,说唱,57367.56,artist_00138
Axwell /\ Ingrosso,6,566962693,0.1028,60,101.3,流行,56696.27,artist_00139
Camilo,6,564978679,0.3537,50,79.0,流行,56497.87,artist_00140
"Pop Smoke, Lil Baby, DaBaby",1,560316083,0.4519,40,36.3,流行,56031.61,artist_00141
Daddy Yankee,5,558328011,0.2144,67,89.1,说唱,55832.8,artist_00142
"BlocBoy JB, Drake",1,557605940,0.3944,57,89.2,说唱,55760.59,artist_00143
"Lady Gaga, Ariana Grande",2,554619940,0.4197,46,75.4,流行,55461.99,artist_00144
Migos,14,552301650,0.1942,59,108.6,说唱,55230.16,artist_00145
"Bad Bunny, Jhay Cortez",1,552276849,0.5638,19,5.1,说唱,55227.68,artist_00146
"Jhayco, J Balvin, Bad Bunny",1,548583436,0.4256,59,78.7,说唱,54858.34,artist_00147
"Zedd, Alessia Cara",2,548112738,0.1238,53,85.6,流行,54811.27,artist_00148
"Drake, Rick Ross",2,546956683,0.4019,59,95.6,说唱,54695.67,artist_00149
"Clean Bandit, Demi Lovato",2,546828888,0.3802,49,76.9,流行,54682.89,artist_00150
"MEDUZA, Goodboys",2,544816971,0.3797,62,92.7,流行,54481.7,artist_00151
"Joel Corry, MNEK",1,544011453,0.4471,39,33.3,流行,54401.15,artist_00152
"JP Saxe, Julia Michaels",1,538459763,0.3939,73,102.6,说唱,53845.98,artist_00153
"DJ Khaled, Drake",3,534231857,0.3841,38,87.8,说唱,53423.19,artist_00154
Mabel,3,531203556,0.3136,43,80.0,流行,53120.36,artist_00155
"Clean Bandit, Zara Larsson",1,526245091,0.3891,58,84.5,流行,52624.51,artist_00156
"Calvin Harris, Sam Smith, Jessie Reyez",1,525181112,0.4055,52,84.6,流行,52518.11,artist_00157
"Meek Mill, Drake",1,522394456,0.4128,56,97.3,说唱,52239.45,artist_00158
"Drake, Wizkid, Kyla",2,520602601,0.0974,89,114.7,说唱,52060.26,artist_00159
"Jason Derulo, Nicki Minaj, Ty Dolla $ign",1,518776881,0.4046,52,77.5,流行,51877.69,artist_00160
Tate McRae,1,517073588,0.4594,39,39.7,流行,51707.36,artist_00161
Lil Pump,8,512539008,0.3145,51,92.8,说唱,51253.9,artist_00162
"XXXTENTACION, Trippie Redd",1,511902114,0.4041,80,111.6,说唱,51190.21,artist_00163
"DJ Khaled, Rihanna, Bryson Tiller",1,506544287,0.4115,40,75.9,说唱,50654.43,artist_00164
"Clean Bandit, Sean Paul, Anne-Marie",1,505201511,0.3969,53,84.9,流行,50520.15,artist_00165
"Kendrick Lamar, SZA",4,503976206,0.3906,44,82.2,说唱,50397.62,artist_00166
Portugal. The Man,1,503940750,0.393,64,82.7,摇滚,50394.08,artist_00167
"Loud Luxury, Brando",2,502428465,0.0583,64,95.9,流行,50242.85,artist_00168
"Shakira, Maluma",2,502258028,0.3748,63,81.1,流行,50225.8,artist_00169
Manuel Turizo,5,499998914,0.323,83,131.1,流行,49999.89,artist_00170
"Surf Mesa, Emilee",1,499001423,0.4172,45,73.2,电子,49900.14,artist_00171
Surfaces,1,497879372,0.4145,44,68.9,流行,49787.94,artist_00172
"Ariana Grande, Justin Bieber",1,497869822,0.4352,47,79.2,流行,49786.98,artist_00173
"Lil Baby, Gunna",4,494973269,0.4116,54,86.5,说唱,49497.33,artist_00174
"ZAYN, Sia",1,494566732,0.4244,41,62.1,流行,49456.67,artist_00175
"Rudimental, Jess Glynne, Macklemore, Dan Caplen",2,493838843,0.3845,51,83.6,流行,49383.88,artist_00176
Alec Benjamin,2,491276302,0.3942,73,122.9,流行,49127.63,artist_00177
"Dan + Shay, Justin Bieber",1,488230568,0.3996,56,97.6,流行,48823.06,artist_00178
"Nicky Jam, J Balvin",1,483456853,0.11,34,52.7,说唱,48345.69,artist_00179
"Khalid, Normani",1,483126319,0.3906,49,82.6,流行,48312.63,artist_00180
Wham!,1,475544130,0.4526,27,41.7,流行,47554.41,artist_00181
"Kodak Black, Offset, Travis Scott",2,475296500,0.3688,39,71.0,说唱,47529.65,artist_00182
The Kid LAROI,6,475176948,0.4006,25,62.6,说唱,47517.69,artist_00183
"Martin Garrix, Dua Lipa",1,471898574,0.4009,53,95.1,流行,47189.86,artist_00184
"Lunay, Daddy Yankee, Bad Bunny",3,470193808,0.3729,43,68.9,说唱,47019.38,artist_00185
"Offset, Metro Boomin",1,468474147,0.4068,67,107.2,说唱,46847.41,artist_00186
"Liam Payne, Quavo",1,467754615,0.0772,45,74.2,流行,46775.46,artist_00187
"MEDUZA, Becky Hill, Goodboys",1,458741117,0.3968,55,88.1,流行,45874.11,artist_00188
Don Toliver,4,458409642,0.3161,50,104.7,流行,45840.96,artist_00189
"Luis Fonsi, Demi Lovato",2,455074445,0.1384,40,58.4,流行,45507.44,artist_00190
"Drake, Lil Durk",1,452627775,0.4424,34,50.9,说唱,45262.78,artist_00191
YNW Melly,2,448594010,0.3951,53,98.9,说唱,44859.4,artist_00192
"Calvin Harris, Pharrell Williams, Katy Perry, Big Sean, Funk Wav",1,448053361,0.4291,37,67.1,流行,44805.34,artist_00193
Jack Harlow,4,446494562,0.3568,51,90.6,说唱,44649.46,artist_00194
Kanye West,14,443790652,0.2031,20,74.5,说唱,44379.07,artist_00195
Sheck Wes,2,434608965,0.3595,42,67.1,说唱,43460.9,artist_00196
"Hailee Steinfeld, Alesso, Florida Georgia Line, WATT",2,431998109,0.139,47,74.4,流行,43199.81,artist_00197
"Jonas Blue, Jack & Jack",2,430111732,0.2129,46,93.2,流行,43011.17,artist_00198
"BENEE, Gus Dapperton",1,427392173,0.4079,32,50.7,流行,42739.22,artist_00199
The Neighbourhood,2,425051591,0.4428,32,108.6,摇滚,42505.16,artist_00200
"Jonas Blue, William Singe",2,423556678,0.2588,43,78.5,流行,42355.67,artist_00201
"Juice WRLD, Marshmello",2,423346820,0.3928,39,77.4,说唱,42334.68,artist_00202
"DJ Snake, J Balvin, Tyga",3,422004415,0.3609,35,59.0,流行,42200.44,artist_00203
Avicii,15,421583266,0.1795,45,125.3,流行,42158.33,artist_00204
"Chris Brown, Drake",2,418119567,0.393,46,90.6,流行,41811.96,artist_00205
"J Balvin, Dua Lipa, Bad Bunny, Tainy",1,414058002,0.4049,37,57.8,说唱,41405.8,artist_00206
"Kygo, Whitney Houston",2,407652069,0.3777,58,118.8,电子,40765.21,artist_00207
"Ozuna, Manuel Turizo",2,406926662,0.3295,40,65.9,流行,40692.67,artist_00208
"Bad Bunny, Jowell & Randy, Ñengo Flow",1,405534381,0.4207,39,87.2,说唱,40553.44,artist_00209
"6ix9ine, Nicki Minaj, Murda Beatz",2,403770867,0.1,30,54.1,说唱,40377.09,artist_00210
"Juice WRLD, YoungBoy Never Broke Again",1,403657974,0.3913,46,92.8,说唱,40365.8,artist_00211
Zara Larsson,8,402651836,0.3185,49,118.4,流行,40265.18,artist_00212
"ROSALÍA, J Balvin, El Guincho",1,401900522,0.391,46,78.2,说唱,40190.05,artist_00213
"David Guetta, Justin Bieber",1,401880746,0.392,31,71.9,流行,40188.07,artist_00214
"Justin Bieber, Chance the Rapper",2,398375504,0.4214,29,41.1,流行,39837.55,artist_00215
Oasis,1,396920895,0.3655,96,184.4,流行,39692.09,artist_00216
"Nio Garcia, Anuel AA, Myke Towers, Brray, Juanka",2,395921746,0.3637,38,73.4,说唱,39592.17,artist_00217
"Dua Lipa, DaBaby",3,395000995,0.4187,27,30.7,流行,39500.1,artist_00218
"Tiësto, Dzeko, Preme, Post Malone",1,394343157,0.3902,37,78.7,流行,39434.32,artist_00219
"Jay Wheeler, DJ Nelson, Myke Towers",1,393715642,0.4269,37,63.2,说唱,39371.56,artist_00220
Alessia Cara,5,391985549,0.0915,36,100.3,说唱,39198.55,artist_00221
"Lauv, Troye Sivan",4,391482559,0.0793,43,89.6,流行,39148.26,artist_00222
"Eminem, Ed Sheeran",3,390955871,0.1313,31,63.5,说唱,39095.59,artist_00223
"Natti Natasha, Ozuna",2,386987487,0.3319,46,73.0,说唱,38698.75,artist_00224
"Kina, Snøw",1,384882550,0.3865,74,157.7,流行,38488.25,artist_00225
Jason Derulo,2,383748960,0.3692,48,88.4,流行,38374.9,artist_00226
"THE SCOTTS, Travis Scott, Kid Cudi",1,380940478,0.4352,27,65.7,流行,38094.05,artist_00227
Katy Perry,6,379200383,0.3546,37,94.8,流行,37920.04,artist_00228
Dennis Lloyd,2,379036049,0.3931,38,67.4,流行,37903.6,artist_00229
Bebe Rexha,3,377245232,0.3296,62,111.0,流行,37724.52,artist_00230
OneRepublic,5,376284772,0.2765,58,116.0,摇滚,37628.48,artist_00231
"Sech, Darell",1,375834575,0.4128,28,60.4,流行,37583.46,artist_00232
Sia,7,372412800,0.3189,54,120.6,电子,37241.28,artist_00233
"6ix9ine, Anuel AA",3,365921676,0.0663,27,82.0,说唱,36592.17,artist_00234
P!nk,5,365500591,0.3494,50,101.6,流行,36550.06,artist_00235
"Calvin Harris, Frank Ocean, Migos, Funk Wav",1,358393829,0.3919,32,60.5,流行,35839.38,artist_00236
"Avicii, Aloe Blacc",3,357373179,0.3164,28,66.2,流行,35737.32,artist_00237
"Anuel AA, KAROL G",1,353903896,0.4065,31,65.3,说唱,35390.39,artist_00238
"Sech, Daddy Yankee, J Balvin, ROSALÍA, Farruko",1,353304274,0.4108,31,56.1,流行,35330.43,artist_00239
"A Boogie Wit da Hoodie, 6ix9ine",1,353278785,0.3788,46,104.2,说唱,35327.88,artist_00240
"Starley, Ryan Riback",1,352947568,0.2578,37,73.3,流行,35294.76,artist_00241
"Wisin, Ozuna",2,351949569,0.1588,48,77.8,说唱,35194.96,artist_00242
"Becky G, Natti Natasha",1,351433215,0.3644,38,78.2,流行,35143.32,artist_00243
"Migos, Lil Uzi Vert",1,351332142,0.1066,48,102.7,说唱,35133.21,artist_00244
"BTS, Halsey",1,349115139,0.0951,43,117.7,流行,34911.51,artist_00245
George Ezra,2,348714151,0.3785,53,117.5,流行,34871.42,artist_00246
"Justin Bieber, benny blanco",2,347140144,0.4242,25,37.2,流行,34714.01,artist_00247
"KYLE, Lil Yachty",1,342569227,0.3696,45,88.2,流行,34256.92,artist_00248
"Ellie Goulding, Diplo, Swae Lee",1,342384804,0.3374,43,93.6,流行,34238.48,artist_00249
"Young Thug, J. Cole, Travis Scott",2,339551970,0.3649,35,75.8,说唱,33955.2,artist_00250
"Pop Smoke, Lil Tjay",1,338842321,0.4134,36,93.7,流行,33884.23,artist_00251
6ix9ine,8,338781615,0.1412,37,118.8,说唱,33878.16,artist_00252
Sech,4,337388736,0.35,35,74.5,流行,33738.87,artist_00253
"Reik, Ozuna, Wisin",1,337326802,0.0721,37,67.4,流行,33732.68,artist_00254
Big Sean,6,335642062,0.3286,38,109.8,说唱,33564.21,artist_00255
"Ed Sheeran, Beyoncé",1,335158647,0.3696,44,111.7,流行,33515.86,artist_00256
"Ed Sheeran, Camila Cabello, Cardi B",1,334701158,0.4015,35,66.5,流行,33470.12,artist_00257
"Avicii, Rita Ora",1,334425361,0.3072,39,72.2,流行,33442.54,artist_00258
"Avicii, Sandro Cavazza",2,333726650,0.1115,45,103.6,流行,33372.66,artist_00259
Lukas Graham,4,333353434,0.2935,57,116.5,流行,33335.34,artist_00260
"Macklemore, Skylar Grey",2,333181824,0.2922,36,80.4,流行,33318.18,artist_00261
"Kanye West, Lil Pump",1,333062937,0.4126,26,79.2,说唱,33306.29,artist_00262
"Bad Bunny, ROSALÍA",1,332499101,0.4865,19,16.9,说唱,33249.91,artist_00263
"Justin Bieber, BloodPop®",1,329306934,0.0816,30,68.3,流行,32930.69,artist_00264
"Jack Harlow, Tory Lanez, DaBaby, Lil Wayne",2,328868671,0.3838,36,93.5,说唱,32886.87,artist_00265
Rich The Kid,5,328277852,0.1301,46,105.3,说唱,32827.79,artist_00266
"Mustard, Roddy Ricch",1,327609522,0.3953,47,107.0,说唱,32760.95,artist_00267
CJ,3,326979174,0.3903,24,40.8,说唱,32697.92,artist_00268
"Maggie Lindemann, Cheat Codes, CADE",1,325128921,0.3606,41,88.3,流行,32512.89,artist_00269
"Mau y Ricky, Manuel Turizo, Camilo",2,323154491,0.3494,43,103.3,流行,32315.45,artist_00270
"Rauw Alejandro, Farruko",1,322346777,0.3778,37,85.6,流行,32234.68,artist_00271
"Kendrick Lamar, Zacari",1,321528227,0.4025,52,103.1,说唱,32152.82,artist_00272
"Bazzi, Camila Cabello",1,318997516,0.3766,40,86.8,流行,31899.75,artist_00273
"Gucci Mane, Bruno Mars, Kodak Black",2,317530163,0.3752,37,76.7,说唱,31753.02,artist_00274
Martin Jensen,1,315950320,0.0559,42,81.8,流行,31595.03,artist_00275
"DJ Snake, Justin Bieber",1,315219745,0.0619,44,97.0,流行,31521.97,artist_00276
"Rauw Alejandro, Camilo",2,315139887,0.3726,31,69.0,流行,31513.99,artist_00277
"Piso 21, Manuel Turizo",2,313209277,0.3476,40,79.4,流行,31320.93,artist_00278
Tiësto,1,312908095,0.4576,23,46.2,流行,31290.81,artist_00279
Brenda Lee,3,312847144,0.32,23,50.9,流行,31284.71,artist_00280
Dominic Fike,2,312266940,0.3716,50,123.0,流行,31226.69,artist_00281
"Tyler, The Creator",12,308372820,0.3973,22,96.5,说唱,30837.28,artist_00282
Joji,14,307977060,0.3356,42,150.5,流行,30797.71,artist_00283
"Camila Cabello, DaBaby",1,304603848,0.4099,27,65.0,流行,30460.38,artist_00284
"Sia, Diplo, Labrinth, LSD",6,304587026,0.0592,44,112.4,电子,30458.7,artist_00285
StaySolidRocky,2,303897277,0.3794,28,69.2,说唱,30389.73,artist_00286
"Maluma, Nego do Borel",2,296847428,0.123,35,73.9,说唱,29684.74,artist_00287
Anuel AA,5,296521001,0.2222,41,115.6,说唱,29652.1,artist_00288
Megan Thee Stallion,4,296479060,0.3672,33,88.8,说唱,29647.91,artist_00289
Coldplay,8,294840955,0.3708,60,162.0,流行,29484.1,artist_00290
"XXXTENTACION, Lil Pump, Swae Lee, Maluma",1,294767929,0.3919,25,65.3,说唱,29476.79,artist_00291
"Lil Dicky, Chris Brown",1,293217637,0.3881,26,71.4,说唱,29321.76,artist_00292
"A$AP Rocky, Skepta",1,291859638,0.4092,38,99.6,说唱,29185.96,artist_00293
"Cheat Codes, Demi Lovato",1,291651446,0.3469,39,86.9,流行,29165.14,artist_00294
"Lil Baby, Drake",2,291525507,0.4082,35,84.7,说唱,29152.55,artist_00295
"Tainy, Anuel AA, Ozuna",1,291103173,0.4025,30,68.2,说唱,29110.32,artist_00296
"Dalex, Lenny Tavárez, Chencho Corleone, Juhn, Dímelo Flow",1,289461144,0.3815,36,91.5,说唱,28946.11,artist_00297
Apache 207,16,288856480,0.3162,32,118.9,说唱,28885.65,artist_00298
"Black Eyed Peas, Ozuna, J. Rey Soul",3,288568728,0.3056,28,67.2,流行,28856.87,artist_00299
"Nicky Jam, Ozuna",1,288089804,0.0734,31,68.0,说唱,28808.98,artist_00300
"Bruno Mars, Cardi B",1,288004994,0.401,27,70.4,流行,28800.5,artist_00301
"G-Eazy, Halsey",2,287812135,0.3975,25,58.8,流行,28781.21,artist_00302
"Arcangel, Sech, Dímelo Flow",1,287514447,0.3689,31,87.0,说唱,28751.44,artist_00303
"Anuel AA, Romeo Santos",2,286526851,0.2308,35,84.6,说唱,28652.69,artist_00304
Jason Mraz,1,286435338,0.3593,64,175.4,流行,28643.53,artist_00305
"David Guetta, Sia",2,284813892,0.3498,32,75.9,流行,28481.39,artist_00306
"Chris Brown, Young Thug",1,284236722,0.3995,35,98.2,流行,28423.67,artist_00307
"Lil Peep, XXXTENTACION",2,283639482,0.3218,26,81.6,说唱,28363.95,artist_00308
"Calvin Harris, Rag'n'Bone Man",1,282213371,0.3829,30,80.6,流行,28221.34,artist_00309
Bobby Helms,3,281340862,0.3587,19,42.1,流行,28134.09,artist_00310
Andy Williams,2,281207754,0.3649,22,54.0,流行,28120.78,artist_00311
"Becky G, Bad Bunny",1,280960035,0.339,37,74.2,流行,28096.0,artist_00312
Justin Quiles,2,280697175,0.3334,29,113.5,说唱,28069.72,artist_00313
"Clean Bandit, Julia Michaels",1,280466909,0.0674,32,70.3,流行,28046.69,artist_00314
"Anitta, J Balvin",1,280150549,0.3737,32,71.2,流行,28015.05,artist_00315
A Boogie Wit da Hoodie,4,280117550,0.3594,33,87.3,说唱,28011.76,artist_00316
Ritt Momney,1,280008992,0.3998,30,85.0,流行,28000.9,artist_00317
"Enrique Iglesias, Descemer Bueno, Zion & Lennox",1,277129019,0.3741,29,59.4,流行,27712.9,artist_00318
TOTO,1,276728836,0.394,62,172.9,摇滚,27672.88,artist_00319
Justin Timberlake,8,276256152,0.3506,49,119.0,流行,27625.62,artist_00320
"Marshmello, Halsey",1,275592897,0.3944,32,87.5,流行,27559.29,artist_00321
"Marshmello, CHVRCHES",1,274105542,0.3919,29,79.4,流行,27410.55,artist_00322
Farruko,1,273946355,0.3683,28,70.6,说唱,27394.64,artist_00323
"Bad Bunny, Prince Royce, J Balvin, Mambo Kingz, DJ Luian",1,273936566,0.381,32,70.1,说唱,27393.66,artist_00324
Tame Impala,6,271384468,0.3942,52,178.1,流行,27138.45,artist_00325
"Louis Tomlinson, Bebe Rexha, Digital Farm Animals",1,271143305,0.365,31,90.3,流行,27114.33,artist_00326
"Sofía Reyes, Jason Derulo, De La Ghetto",1,270370249,0.3965,35,79.9,流行,27037.02,artist_00327
"Manuel Turizo, Rauw Alejandro, Myke Towers",2,270310092,0.3854,26,55.6,流行,27031.01,artist_00328
"DJ Luian, Mambo Kingz, Anuel AA, Nicky Jam, Darell, Brytiago",1,267074325,0.3771,29,67.2,说唱,26707.43,artist_00329
"The Chainsmokers, ILLENIUM, Lennon Stella",3,265682049,0.2,34,106.8,流行,26568.2,artist_00330
Lil Baby,9,263900149,0.3468,32,121.8,说唱,26390.01,artist_00331
"Camilo, Pedro Capó",2,261346436,0.3574,31,88.4,流行,26134.64,artist_00332
"Sech, Ozuna, Anuel AA, Darell, Nicky Jam",1,260935748,0.3842,29,94.5,流行,26093.57,artist_00333
"Martin Garrix, Troye Sivan",1,260846935,0.3637,29,80.5,流行,26084.69,artist_00334
"Migos, Drake",1,259932739,0.3813,35,94.3,说唱,25993.27,artist_00335
Nicky Jam,2,259895682,0.3538,36,79.9,说唱,25989.57,artist_00336
"DJ Khaled, Justin Bieber, Quavo, Chance the Rapper",1,258782051,0.3881,19,65.4,说唱,25878.21,artist_00337
"Kygo, Justin Jesso",1,258532843,0.3553,30,75.4,电子,25853.28,artist_00338
"Chris Jedi, J Balvin, Ozuna, Arcangel",1,257840713,0.0794,40,90.8,说唱,25784.07,artist_00339
"Myke Towers, Juhn",1,257604475,0.4413,16,25.9,说唱,25760.45,artist_00340
"J Balvin, Jowell & Randy",1,257068354,0.053,36,80.1,说唱,25706.84,artist_00341
Alan Walker,3,256734072,0.3343,38,130.3,电子,25673.41,artist_00342
"The Weeknd, Kendrick Lamar",2,256371772,0.1587,26,80.7,说唱,25637.18,artist_00343
Tyga,3,254685882,0.3411,33,93.0,流行,25468.59,artist_00344
"Shawn Mendes, Justin Bieber",2,254201318,0.404,20,56.0,流行,25420.13,artist_00345
"Bad Bunny, Sech",2,253034613,0.3984,23,72.8,说唱,25303.46,artist_00346
"Jax Jones, RAYE",2,252455818,0.0552,34,86.6,流行,25245.58,artist_00347
"J Balvin, Zion & Lennox",1,251196085,0.3557,29,78.6,说唱,25119.61,artist_00348
"Ozuna, J Balvin, Chencho Corleone",1,249739392,0.3967,28,77.8,流行,24973.94,artist_00349
Kodak Black,6,247924056,0.3366,42,124.6,说唱,24792.41,artist_00350
"Mustard, Migos",2,247739039,0.1576,33,97.0,说唱,24773.9,artist_00351
Mac Miller,19,246746813,0.3596,12,98.6,说唱,24674.68,artist_00352
"Queen, David Bowie",1,245932655,0.3841,45,148.4,摇滚,24593.27,artist_00353
Polo G,4,245717759,0.3772,33,145.8,说唱,24571.78,artist_00354
"ROSALÍA, Ozuna",1,244730365,0.3917,26,73.3,说唱,24473.04,artist_00355
"Katy Perry, Skip Marley",1,244702402,0.0757,24,75.6,流行,24470.24,artist_00356
"Miley Cyrus, Dua Lipa",2,244548401,0.4195,20,40.6,流行,24454.84,artist_00357
"G-Eazy, A$AP Rocky, Cardi B",2,242827532,0.2556,30,79.0,流行,24282.75,artist_00358
"Martin Garrix, Macklemore, Fall Out Boy",2,242141744,0.2967,23,58.7,流行,24214.17,artist_00359
"Machine Gun Kelly, blackbear",2,241184554,0.322,34,111.3,说唱,24118.46,artist_00360
Masked Wolf,2,240277476,0.4241,12,33.4,说唱,24027.75,artist_00361
"Maroon 5, Kendrick Lamar",1,238025443,0.0655,27,82.6,流行,23802.54,artist_00362
Flipp Dinero,1,237539689,0.3274,33,97.6,说唱,23753.97,artist_00363
"Eminem, Joyner Lucas",1,236723773,0.4098,21,87.3,说唱,23672.38,artist_00364
"Martin Garrix, Khalid",1,236309833,0.3659,25,82.6,流行,23630.98,artist_00365
"Hailee Steinfeld, Grey, Zedd",2,236242433,0.0772,41,105.4,流行,23624.24,artist_00366
"MEDUZA, Dermot Kennedy",1,235676918,0.4153,23,60.4,流行,23567.69,artist_00367
"Ellie Goulding, Juice WRLD",1,235216523,0.369,37,121.5,流行,23521.65,artist_00368
"Zion & Lennox, J Balvin",1,235167610,0.358,43,99.5,说唱,23516.76,artist_00369
"Rauw Alejandro, Anuel AA",2,234379654,0.3761,23,56.3,流行,23437.97,artist_00370
Boza,1,233372744,0.413,19,44.7,说唱,23337.27,artist_00371
"Pop Smoke, 50 Cent, Roddy Ricch",1,232825651,0.3953,25,85.1,流行,23282.57,artist_00372
"Ariana Grande, Nicki Minaj",3,231875004,0.0522,38,103.1,流行,23187.5,artist_00373
"Becky G, Paulo Londra",1,231853720,0.3513,29,77.1,流行,23185.37,artist_00374
Logic,18,231640206,0.2294,24,115.5,说唱,23164.02,artist_00375
"Mark Ronson, Miley Cyrus",1,230660801,0.4033,25,81.6,流行,23066.08,artist_00376
Band Aid,2,230398897,0.2551,20,58.4,流行,23039.89,artist_00377
"Taylor Swift, Brendon Urie, Panic! At The Disco",2,229799872,0.2471,27,87.9,流行,22979.99,artist_00378
"Maluma, Lenny Tavárez, Justin Quiles",1,229023279,0.3611,30,98.7,说唱,22902.33,artist_00379
"Ariana Grande, Social House",1,227960793,0.4376,18,66.4,流行,22796.08,artist_00380
Melanie Martinez,1,227858499,0.4018,27,89.8,流行,22785.85,artist_00381
CNCO,2,227087027,0.3425,36,93.0,流行,22708.7,artist_00382
Fleetwood Mac,1,226474574,0.4166,28,98.0,摇滚,22647.46,artist_00383
"Roddy Ricch, Mustard",1,226108906,0.373,28,88.5,说唱,22610.89,artist_00384
"The Chainsmokers, Kelsea Ballerini",4,225497957,0.2523,34,122.9,流行,22549.8,artist_00385
"BLACKPINK, Selena Gomez",2,224733840,0.3801,19,78.2,流行,22473.38,artist_00386
"The Chainsmokers, Daya",1,224652229,0.2249,44,114.4,流行,22465.22,artist_00387
"Lele Pons, Guaynaa",1,224209651,0.3781,24,77.1,流行,22420.97,artist_00388
SZA,1,223862834,0.4674,15,25.9,流行,22386.28,artist_00389
"Silk City, Dua Lipa, Diplo, Mark Ronson",1,223732001,0.379,27,101.9,电子,22373.2,artist_00390
"Migos, Gucci Mane",2,223468599,0.0804,43,116.9,说唱,22346.86,artist_00391
"JACKBOYS, Travis Scott, Young Thug",1,222157222,0.3763,36,123.1,说唱,22215.72,artist_00392
Wolfine,3,221455894,0.0684,25,72.2,流行,22145.59,artist_00393
"The Chainsmokers, 5 Seconds of Summer",4,221286400,0.0587,28,92.6,流行,22128.64,artist_00394
"Anuel AA, Haze",1,221217583,0.3766,29,91.2,说唱,22121.76,artist_00395
Noah Cyrus,2,220667316,0.1601,41,152.9,流行,22066.73,artist_00396
"Maroon 5, Future",1,219149751,0.0765,24,80.2,流行,21914.98,artist_00397
Sam Hunt,1,218658213,0.3493,40,101.6,流行,21865.82,artist_00398
"Wisin, Myke Towers, Los Legendarios",1,218526688,0.3601,27,89.9,说唱,21852.67,artist_00399
Lorde,11,218082370,0.0892,18,102.9,流行,21808.24,artist_00400
Rauw Alejandro,3,216975927,0.3382,29,95.0,流行,21697.59,artist_00401
"Kygo, Miguel",1,216618108,0.327,28,89.1,电子,21661.81,artist_00402
Arctic Monkeys,10,216116827,0.2897,16,137.6,摇滚,21611.68,artist_00403
"Drake, Michael Jackson",2,215855111,0.3448,16,78.2,说唱,21585.51,artist_00404
Zion & Lennox,1,215840858,0.3573,33,96.4,说唱,21584.09,artist_00405
"Polo G, Lil Tjay",2,215823098,0.3101,30,99.3,说唱,21582.31,artist_00406
"Nacho, Yandel, Bad Bunny, Mambo Kingz, DJ Luian",1,215481114,0.0457,35,92.9,流行,21548.11,artist_00407
"Dua Lipa, BLACKPINK",1,214921277,0.3124,27,104.2,流行,21492.13,artist_00408
"Charlie Puth, Selena Gomez",1,214755683,0.2818,47,126.7,流行,21475.57,artist_00409
"Major Lazer, Justin Bieber, MØ",1,214754829,0.0456,35,104.1,流行,21475.48,artist_00410
"Kygo, Imagine Dragons",2,214433458,0.2714,25,84.0,电子,21443.35,artist_00411
"Sebastian Yatra, Guaynaa",1,213446982,0.3748,24,78.8,流行,21344.7,artist_00412
"Martin Garrix, Bebe Rexha",1,213411077,0.1366,35,104.3,流行,21341.11,artist_00413
"ROSALÍA, Travis Scott",1,213376784,0.3842,21,69.0,说唱,21337.68,artist_00414
"Megan Thee Stallion, Beyoncé",1,213251990,0.3624,21,76.0,说唱,21325.2,artist_00415
"The Chainsmokers, Bebe Rexha",3,212087919,0.0626,26,101.5,流行,21208.79,artist_00416
"David Guetta, Bebe Rexha, J Balvin",1,211424453,0.3592,34,112.7,流行,21142.45,artist_00417
A$AP Ferg,1,210566105,0.3677,34,103.4,说唱,21056.61,artist_00418
"Piso 21, Micro TDH",1,209890194,0.3867,27,85.9,流行,20989.02,artist_00419
Myke Towers,3,209470841,0.3656,26,102.9,说唱,20947.08,artist_00420
AJR,1,209192970,0.0518,30,88.0,摇滚,20919.3,artist_00421
"SHAED, ZAYN",3,206688452,0.3465,23,81.0,流行,20668.85,artist_00422
"Khalid, 6LACK, Ty Dolla $ign",1,205369287,0.3719,28,98.8,流行,20536.93,artist_00423
"Post Malone, Ozzy Osbourne, Travis Scott",2,205328388,0.3892,19,67.7,说唱,20532.84,artist_00424
Little Mix,6,204922683,0.0592,30,113.0,流行,20492.27,artist_00425
"Rauw Alejandro, Dalex, Lenny Tavárez, Dímelo Flow",1,204524028,0.3567,29,97.0,流行,20452.4,artist_00426
"Frank Sinatra, B. Swanson Quartet",2,203161886,0.2222,20,73.8,流行,20316.19,artist_00427
"Daddy Yankee, Anuel AA",1,202658149,0.3557,27,93.1,说唱,20265.81,artist_00428
"Tainy, J Balvin",1,201966468,0.0837,20,66.7,说唱,20196.65,artist_00429
"Carlos Vives, Sebastian Yatra",2,201832946,0.2374,35,103.1,流行,20183.29,artist_00430
"Kygo, OneRepublic",3,199239110,0.3117,28,112.9,电子,19923.91,artist_00431
"Anuel AA, Bad Bunny",1,199228985,0.3896,25,92.7,说唱,19922.9,artist_00432
"Dalex, Rafa Pabön, KHEA, Sech, Feid, Cazzu, Lenny Tavárez",1,198926981,0.3833,24,86.8,说唱,19892.7,artist_00433
"Alok, Bruno Martini, Zeeba",1,198292351,0.2692,31,93.9,电子,19829.24,artist_00434
"Ozuna, Camilo",1,196480881,0.3608,24,96.2,流行,19648.09,artist_00435
"Keala Settle, The Greatest Showman Ensemble",1,195715437,0.3328,29,108.0,流行,19571.54,artist_00436
"Justin Bieber, Daniel Caesar, Giveon",1,195306043,0.7323,4,1.2,流行,19530.6,artist_00437
"Steve Aoki, Louis Tomlinson",1,195067813,0.3429,21,70.3,流行,19506.78,artist_00438
"Alex Sensation, Ozuna",1,193835148,0.045,32,96.3,流行,19383.51,artist_00439
"Gucci Mane, Migos",2,193348876,0.2731,32,102.4,说唱,19334.89,artist_00440
"Anuel AA, Daddy Yankee, Zion & Lennox, Farruko, Wisin",1,192867558,0.3732,42,122.4,说唱,19286.76,artist_00441
"Zac Efron, Zendaya",1,192824494,0.3705,27,101.0,流行,19282.45,artist_00442
"Famous Dex, A$AP Rocky",2,191727347,0.3289,33,110.6,说唱,19172.73,artist_00443
"Aya Nakamura, Maluma",2,191138214,0.3325,22,80.0,流行,19113.82,artist_00444
Jerry Di,1,190519051,0.3696,25,105.5,流行,19051.91,artist_00445
"David Guetta, Martin Garrix, Brooks",1,190243313,0.3441,23,79.3,流行,19024.33,artist_00446
Kali Uchis,1,190235728,0.5332,8,7.6,流行,19023.57,artist_00447
Dean Martin,3,189825588,0.3536,14,96.7,流行,18982.56,artist_00448
José Feliciano,2,189539929,0.3244,18,71.9,流行,18953.99,artist_00449
Kelly Clarkson,1,189157832,0.3704,16,66.7,流行,18915.78,artist_00450
"French Montana, Drake",1,188011040,0.3385,25,96.4,说唱,18801.1,artist_00451
"Daddy Yankee, Ozuna",1,187974549,0.0388,36,104.4,说唱,18797.45,artist_00452
"Bad Bunny, Jhayco",1,187932142,0.7056,4,1.2,说唱,18793.21,artist_00453
"CNCO, Yandel",1,187170417,0.0434,32,98.7,流行,18717.04,artist_00454
Paul McCartney,3,187083011,0.2063,19,80.3,摇滚,18708.3,artist_00455
Rae Sremmurd,2,186515948,0.2917,38,122.6,说唱,18651.59,artist_00456
"Ed Sheeran, Chance the Rapper, PnB Rock",2,185780568,0.3553,16,54.4,流行,18578.06,artist_00457
"Justin Timberlake, Chris Stapleton",2,185134955,0.3692,20,59.1,流行,18513.5,artist_00458
"Marshmello, Kane Brown",1,184788700,0.3771,23,85.0,流行,18478.87,artist_00459
"Major Lazer, Travis Scott, Camila Cabello, Quavo",1,183657725,0.2389,21,70.8,流行,18365.77,artist_00460
"Kygo, Ellie Goulding",1,183347322,0.3375,23,90.9,电子,18334.73,artist_00461
"Piso 21, Maluma",1,183067206,0.3367,42,126.7,流行,18306.72,artist_00462
"The Vamps, Matoma",1,183055339,0.0591,23,78.2,流行,18305.53,artist_00463
"Pop Smoke, A Boogie Wit da Hoodie",1,182723844,0.38,30,136.1,流行,18272.38,artist_00464
Chris Rea,3,182147012,0.3109,18,73.9,摇滚,18214.7,artist_00465
"Lauv, Anne-Marie",4,182068515,0.0787,21,79.1,流行,18206.85,artist_00466
"Sam Feldt, RANI",2,180642863,0.3318,27,102.4,流行,18064.29,artist_00467
"Major Lazer, PARTYNEXTDOOR, Nicki Minaj",1,180598405,0.0706,19,62.7,流行,18059.84,artist_00468
"Machine Gun Kelly, Camila Cabello",1,180369946,0.3769,21,83.6,说唱,18036.99,artist_00469
"Jay Rock, Kendrick Lamar, Future, James Blake",1,180344827,0.3602,24,88.8,说唱,18034.48,artist_00470
24kGoldn,3,179295183,0.3395,27,112.0,说唱,17929.52,artist_00471
The Killers,3,179061354,0.1767,45,184.4,摇滚,17906.14,artist_00472
"Migos, Nicki Minaj, Cardi B",2,178670224,0.2013,25,82.8,说唱,17867.02,artist_00473
Adele,5,178316435,0.0347,18,132.7,流行,17831.64,artist_00474
Playboi Carti,3,177910480,0.3715,32,109.0,说唱,17791.05,artist_00475
"Kendrick Lamar, Rihanna",1,177662780,0.3663,27,97.0,说唱,17766.28,artist_00476
"Kodak Black, XXXTENTACION",1,177159883,0.3539,36,130.0,说唱,17715.99,artist_00477
"Ozuna, Romeo Santos",2,176949791,0.3343,36,149.1,流行,17694.98,artist_00478
"Alan Walker, Sabrina Carpenter, Farruko",2,176875061,0.3585,23,92.5,电子,17687.51,artist_00479
"Lizzo, Ariana Grande",2,176090779,0.3371,24,109.9,说唱,17609.08,artist_00480
ZAYN,6,174961268,0.2237,29,127.2,流行,17496.13,artist_00481
Rag'n'Bone Man,2,174218431,0.357,21,114.6,流行,17421.84,artist_00482
Lil Xan,2,174053727,0.3028,29,106.0,说唱,17405.37,artist_00483
"Luis Fonsi, Ozuna",2,171979092,0.3241,24,93.6,流行,17197.91,artist_00484
"KYLE, Kehlani",2,169420702,0.2525,21,79.9,流行,16942.07,artist_00485
"21 Savage, Metro Boomin",11,169362691,0.3594,20,124.9,说唱,16936.27,artist_00486
"Reik, J Balvin, Lalo Ebratt",1,169278501,0.3503,25,102.2,流行,16927.85,artist_00487
Nat King Cole,3,168625195,0.315,17,97.6,流行,16862.52,artist_00488
"YNW Melly, 9lokknine",2,168399483,0.3415,22,100.9,说唱,16839.95,artist_00489
"Nicky Jam, Anuel AA",1,168292955,0.3451,20,78.2,说唱,16829.3,artist_00490
"Joey Montana, Sebastian Yatra",1,167765768,0.0415,30,108.2,说唱,16776.58,artist_00491
"Alan Walker, Noah Cyrus, Digital Farm Animals, Juliander",1,167614925,0.3244,27,96.3,电子,16761.49,artist_00492
"Rae Sremmurd, Gucci Mane",1,167521461,0.3802,25,104.3,说唱,16752.15,artist_00493
Aminé,2,166809829,0.1572,31,119.4,说唱,16680.98,artist_00494
HVME,1,166655524,0.3807,21,92.2,电子,16665.55,artist_00495
"Jason Derulo, French Montana",1,166099722,0.3253,24,83.6,流行,16609.97,artist_00496
"Sebastian Yatra, Mau y Ricky",1,165724104,0.3456,27,119.1,流行,16572.41,artist_00497
DripReport,2,164895935,0.3519,20,82.0,说唱,16489.59,artist_00498
BØRNS,1,164467829,0.3992,26,128.7,摇滚,16446.78,artist_00499
